name,manual_cpu
21mfs2mQ00 Nbw P14s G5 Amd R7 Pro 16gb 5600mhz Sodımm 512gb Ssd Dos 5 Yıl Yerinde Garanti,
"Katana 15 Hx I9 14900HX 64GB 1tb FDOS RTX5060 8gb 115W 15.6"" 2k QHD B14WFK450XTRF38 + Zetta Çanta",
"Pro 16 Plus Ultra 7-265U 16GB 1TB UHD Graphics 16"" Win10 Pro + S.Çantası PB16250U7265U165UHMF13",
Expertbook P1 P1503 I7-13620H 64GB Ddr5 256GB SSD WIN11PRO 15.6 Fhd EXP1503CVAI58512S0W31 +ZETTACNT,
"Tuf Gaming F16 FX608JHR-RV047W/Intel® Core™ i7-14650HX/16 GB RAM/512 GB SSD/RTX 5050/16""/W11 La",
"Victus 16-S1010NT 9Z790EA FR47 8GB RTX4060 Ryzen 7 8845HS 48 GB 4 TB 16,1"" FHD 144Hz W11P",
"Latitude 3540 Intel Core i5 1235U 12GB 4TB SSD 15.6"" FHD W11H & PER4 Çanta",
"EliteBook 640 G11 Ultra 7-155U 40GB 1 TBSSD 14"" WUXGA Win11 Home + Sırt Ç. B2RK9ESHMF35",
Nitro V15 i5-13420H 48GB 1TB SSD RTX4050/6GB 15.6'' FHD 144Hz FDOS & PER4 ÇANTA,
"Vivobook 15, Core 7-150U, 24GB RAM, 1TB SSD, 15.6"" Windows 11 + Office 24 Dizüstü Bilgisayar",
Predator Helıos Neo 16 Ultra 9 275HX 64GB 4tb 12GB/RTX5070Tİ/170W 16inç FDOS NHQX2EY002F20+ZettaÇNT,
"Probook 4 G1I Ultra 7 255U Aı 80GB 1tbSSD 16"" (1920 x 1200), ,300 Nits WIN11PRO C9FY2ETP23+ZETTAÇNT",
Victus 15 i7-13620H 20GB 1TB SSD RTX4060/8GB 144Hz 15.6'' FHD FDOS Gaming Laptop & PER4 ÇANTA,
"CYBORG 17 i7-13620H 64GB 1TB RTX5060 (8GB) 17.3"" FHD Win 11 Home + S.Çantası B13WFKG-092XTRHMF26",
Pro 15 Essential i5-1334U 32GB 256GB SSD 15.6'' FHD FDOS Taşınabilir Bilgisayar & Per4 ÇANTA,
Latitude 3450 İ7 1355u 48gb Ddr5 4tb Ssd 14'' Ips W11p Taşınabilir Bilgisayar & Per4 Çanta,
"IdeaPad Slim 5 Ryzen AI 7 350 16GB DDR5 256GB SSD 16"" WUXGA W11P Dizüstü Bilgisayar & Çanta",
"Victus 16-S1010NT 9Z790EA C19 8GB RTX4060 Ryzen 7 8845HS 16 GB 2 TB 16,1"" FHD 144Hz W11H + Çanta",
"Excalibur G870 i7-13620H 32 GB 2TB RTX5060 165HZ 15.6"" W11H Gaming Laptop G870.1362-DX60A-C",
Victus 16 i7 13700H 24GB DDR5 1TB SSD RTX4070/8GB 144Hz 16.1'' W11H Gaming Laptop & PER4 ÇANTA,
Katana 17 HX i7-14650HX 32GB 4TB SSD RTX5060/8GB 17.3'' 2K QHD 240Hz W11H Gaming Laptop B14WFK,
Thinkpad E16 Gen3 Ultra 7 255H 48GB Ddr5 1tb SSD W11HOME 16 Inç IPS 21SR006RTXH23 + Zetta Çanta,
"Latitude 5450 Ultra 7-155U 40 GB 1 TBSSD 14"" FHD Win 11 Pro + S.Çantası N012L545014UHMF20",
Nitro V16 i5-14450HX 48GB 4TB SSD RTX4050/6GB 85W 16'' WUXGA 165Hz FDOS Gaming Laptop & ÇANTA,
Predator Helıos Neo 16 Ultra 9 275HX 32GB 4tb 12GB/RTX5070Tİ/170W 16inç FDOS NHQX2EY002F10+ZettaÇNT,
"Crosshaır A17 Hx Ryzen9 8940HX 64GB 512GB SSD 8GB/RTX5070 115W 17""2.5k 240Hz Freedos Z012XTRF25",
"Loq 15IRX10 I7-13700HX 80GB 256GBSSD 15.6"" 8GB/RTX5050 144Hz WIN11PRO 83JE00KMTRP21+ZETTAÇANTA",
"Crosshaır 18 Ultra 9-275HX 64GB 4tb Ssd+4tb SSD 8GB/RTX5070 18""2.5k 240Hz WIN11HOME W032XTRH32",
Latitude 3540 i5-1235U 8GB RAM 4TB SSD 15.6'' FHD W11HOME Dizüstü Bilgisayar & PER4 ÇANTA,
"Latitude 3540 Intel Core i5 1235U 48GB 512GB SSD 15.6"" FHD W11H & PER4 Çanta",
"Zbook x G1I Ultra 7 255H 64GB Ddr5 512GB SSD 8GB/RTXPRO1000 16"" 400NIT W11PRO B30HLESP21+Zettaçanta",
Victus 15 i7-13620H 48GB 1TB SSD RTX5060/8GB 15.6'' FHD 144Hz W11H Gaming Laptop & Per4 ÇANTA,
"ExpertBook B5 Ultra 7 255H 24GB 512GB SSD 14"" FHD+ W11H Dizüstü Bilgisayar & PER4 Çanta",
"Nitro 18 Ryzen 9 365 40GB 512GB+512GBSSD 12GB/RTX5070TI 18"" Qhd W11PRO NHQYFEY001P36+ZettaÇNT",
"Crosshair 16 HX AI Ultra 9 275HX 40GB 512GB SSD RTX5070/8GB 115W 16"" 2K QHD+ 240Hz W11P Gaming",
"Excalibur G880 i7-13620H 16GB 480GB RTX5060 8GB 165Hz 15.6"" W11H Gaming Laptop G880.1362-BV60A-C",
Nitro V15 i5-13420H 16GB 512GB SSD RTX4050/6GB 15.6'' FHD 144Hz FDOS & PER4 ÇANTA,
Omen 16-AP0012NT Ryzen 9 365 96GB 1tb SSD RTX5070 8gb 16Inç W11PRO C12CGEAP44+Zetta Çanta,
"Cyborg 15 7 240H 16GB Ddr5 512GB SSD RTX5060 8gb W11Home 15.6"" 144HZ B2RWFKG208XTRH02 + Zetta Çanta",
Katana 17 HX i9-14900HX 48GB 256GB SSD RTX5060/8GB 17.3'' 2K QHD 240Hz FDOS Gaming Laptop B14WFK,
"ThinkBook 16 G7 Ultra 7 155H 64GB 4TB SSD 16"" WUXGA FDOS Dizüstü Bilgisayar & PER4 ÇANTA",
Pro 16 Plus Ultra 7 255U 16GB Ddr5 2tb SSD FDOS 16 Inç IPS Fullhd+ PB16250BTO105F04 + Zetta Çanta,
"Vivobook 15 M1502YA-BQ579A010 Ryzen7 5825U 16GB 1TBSSD 15.6"" FHD W11P Dizüstü Bilgisayar",
"Probook 445 G11 Ryzen 5 7535U 64GB 2tb SSD 14"" Wuxga IPS W11HOME 9Y7C9ETH23 + Zettaçanta",
Katana 17 HX i9-14900HX 32GB 1TB SSD RTX5060/8GB 17.3'' 2K QHD 240Hz W11H Gaming Laptop B14WFK,
"Pro 14 5 120U 32GB Ddr5 512GB SSD Graphics 14"" Fhd+ IPS W11PRO PC14250C516520H09 + Zettaçanta",
"Excalibur G870 Core i7-13620H 24GB 2TB 8GB RTX5070 15.6"" Freedos Gaming Laptop G870.1362-CX70X-C",
"Predator Helıos 16 Ultra 9 275HX 32GB 2tb 12GB/RTX5070Tİ/170W 16"" WIN11HOME NHQX2EY002H09+ZettaÇNT",
"Victus 15-FA2038NT i7-13620H 40GB 4 TB RTX5060 15.6"" FHD Freedos +S. Çantası C39D5EAHMF15",
"Tuf A15 Ryzen 7-7435HS 48GB 2 TBSSD RTX4050 144 Hz Win 11 Home 15.6"" FHD FA507NUR-LP035HMF50",
Nitro V15 ANV15 13.nesil Core I7 13620H 64GB 512GBSSD 8GB/RTX5060 FDOS NHQZAEY001H22+ZETTAÇANTA,
"Cyborg 15 i5-13420H 48GB 1 TBSSD RTX4050 (6GB-45W) 15.6"" FHD Freedos A13VE-1478XTRHMF5",
Nitro V15 i5-13420H 96GB 1TB SSD RTX4050/6GB 15.6'' FHD 144Hz FDOS & PER4 ÇANTA,
"Cyborg 15 i5-13420H 48GB 4 TBSSD RTX4050 (6GB-45W) 15.6"" FHD Win11 Home A13VE-1478XTRHMF65",
"E16 G3 U7-255H 48 GB 2 TBSSD Intel Arc Graphics 16"" Freedos +S. Çantası 21SR006RTXHMF9",
"Predator Helios Neo18 Ultra9 275HX 64GB 256GB SSD RTX5070Ti/12GB 18"" QHD+ FDOS Gaming Laptop",
"Omen 16 Core 7 240H 16GB 512GB SSD RTX5060/8GB 16"" FHD+ 165Hz W11H Gaming Laptop & Per4 Çanta",
"Macbook Air M2 Çip 16 Gb 256 Gb Ssd 13.6"" Yıldız Işığı Notebook Z15y00102",
"KATANA 17 HX i7-14650HX 48GB 2 TBSSD RTX5070 17.3"" 2K Freedos + Sırt Ç. B14WGK-046XTRHMF9",
Pro 16 PC16250 Core 7 150U 16GB 512GB SSD 16 FHD+ Ubuntu PC16250-C7165UBU,
"Predator Helios Neo16 Ultra9 275HX 48GB 4TB SSD RTX5070Ti/12GB 16"" QHD+ FDOS Gaming Laptop",
"Precision M7780 XCTOP7780EMEA_VP1A7 i7-13850HX 64GB 2TBSSD RTX3500 17.3"" FullHD W11P Taşınabili",
"Excalibur G870 Intel 5-210H 64GB 4TB RTX5060 165HZ 15.6"" W11H Gaming Laptop G870.210H-EN60A-C",
"TUF F16 i7-14650HX 48GB 2 TBSSD RTX5070 (8GB) 16"" 2.5K Win11 Home + Sırt Ç. FX608JPR-QT002HMF40",
"Vostro 3530 Intel Core i5 1334U 36GB 2TB SSD 15.6"" FHD W11P & PER4 Çanta",
"Thinkpad E16 Gen3 Ryzen 5 220 32GB 4tb SSD 16"" Wuxga IPS W11PRO 21ST0058TXP12 + Zettaçanta",
"Katana 15 i7 14650HX 128GB 1TB SSD RTX5060/8GB 115W 15.6"" QHD 165Hz W11H Gaming Laptop B14WFK",
"Omen 16-WF1020NT 9J1Y9EA03 i7-14700HX 32GB 1TBSSD+2TBSSD RTX4070 16.1"" FHD FreeDOS Dizüstü Bilgis",
"Predator Helios Neo 16 AI Ultra 9 275HX 128GB 2TB SSD RTX5070Ti/12GB 170W 16"" QHD+ W11P",
"KATANA 17 i7-14650HX 32GB 2 TBSSD RTX5060 (8GB) 17.3"" Win10 Pro + Sırt Ç. B14WFK-215XTRHMF52",
"Vostro 3530 i7-1355U 8GB 1TB SSD 15.6"" 120 Hz FHD Win11P N1601PVNB3530U ATL85 Notebook +Çanta",
"Inspiron 3520 i7 1255U 24GB 2TB M.2 SSD I35201013U ATL73 O/B 15.6"" Fdos Taşınabilir Bilgisayar+",
Pro 16 PC16250 Ultra 5 235U 32GB 1TB SSD 16 FHD+ FreeDOS BTO106-PC16250-UBU,
ROG Strix G16 R9 9955HX 64GB 4TB SSD RTX5070Ti/12GB 140W 240HZ 16'' 2.5K FDOS Gaming & PER4,
Crosshaır 16 U9-275HX 64GB 1tb Ssd+1tbssd 8GB/RTX5070 115W 16″ 16:10 QHD+ 240Hz IPS FDOS W047XTRF28,
Victus 15 Intel Core 7 240H 48GB 512GB SSD RTX5060/8GB 15.6'' 144Hz FHD W11P Gaming Laptop,
"Predator Helios Neo 16 AI Ultra 9 275HX 128GB 4TB SSD RTX5070Ti/12GB 170W 16"" QHD+ W11P",
"Alienware 16X Aurora Ultra 7 255HX 40GB 4TB SSD RTX5060/8GB 16"" QHD+ W11P Gaming Laptop",
Katana 17 HX i9-14900HX 32GB 256GB SSD RTX5060/8GB 17.3'' 2K QHD 240Hz W11H Gaming Laptop B14WFK,
Vivobook 15 X1504VA-NJ195W01 Intel Core I7 1355U 8gb Ram 512gb Ssd 15.6'' FHD Windows11,
"Victus I7-13620H 32GB 2tbSSD Rtx 5060/8GB 15.6"" , 144 Hz, ,300 Nits WIN11HOME C21SFEAH09+ZETTAÇNT",
"Omen 16 Ryzen AI 7 350 8GB 4TB+4TB SSD RTX5070/8GB 16"" FHD+ 144Hz W11H Gaming Laptop & Çanta",
"ThinkBook 16 21MS005KTR002 Ultra5 125U 16GB 512SSD+1TBSSD 16"" WUXGA FreeDOS Dizüstü Bilgisaya",
Victus 15 Intel Core 7 240H 64GB 4+4TB SSD RTX5060/8GB 15.6'' 144Hz FHD FDOS Gaming Laptop,
"Cyborg 15 A13VF3 i7-13620H 24GB 4TB SSD RTX4060/8GB 15.6"" FHD 144HZ FDOS & PER4 ÇANTA",
Omen 16-AM0037NT Ultra 5 225H 40GB 8tb SSD RTX5060 8gb W11HOME 16Inç 144Hz C39JBEAH24+Zetta Çanta,
"Thinkbook 14 G7 Ultra 5 125U 40GB 2tb SSD 14"" Wuxga IPS 300NITS WIN11HOME 21MR0095TRH15+ZETTAÇANTA",
"Alienware 16AC16250 7 240H 96GB 512GBSSD W11PRO 8gb RTX5060 16"" 2K AC16250C71615U56NP51+Zetta Çanta",
"Cyborg 15 i5 13420H 16GB 1TB SSD RTX5060/8GB 15.6"" FHD 144Hz W11H Gaming Laptop B13WFKG",
"Precision 3591 Ultra 7 155H 16GB 1TB SSD RTX A500/4GB 15.6"" FHD FDOS Workstation & Per4 Çanta",
Katana 17 HX i7-14650HX 24GB 1TB SSD RTX5070/8GB 17.3'' 2K QHD 240Hz W11P Gaming Laptop B14WGK,
"Vector 18 HX AI Ultra 9 275HX 40GB 2TB SSD RTX5070Ti/12GB 140W 18"" QHD+ 240Hz W11H Gaming",
"Latitude 3540 Intel Core i5 1235U 12GB 1TB SSD 15.6"" FHD W11P & PER4 Çanta",
"Thinkbook 14 G8 Ial Ultra 7 255H 40GB Ddr5 4tb SSD 14"" Wuxga IPS FDOS 21SJ007BTXF16 + Zettaçanta",
"ThinkBook 16 G8 Core 7 240H 16GB 1TB SSD 16"" FHD+ FDOS Taşınabilir Bilgisayar & PER4 Çanta",
"CYBORG 17 i7-13620H 32GB 2TB RTX5060 (8GB) 17.3"" FHD Win 10 Pro + S.Çantası B13WFKG-092XTRHMF41",
"Vivobook 15 X1504ZA-BQ325W03 i7-1255U 16GB 1TBSSD 15.6"" FullHD W11H Taşınabilir Bilgisayar",
"Pro 16 XCTOPRO16-U008 Core5-120U 16GB 512SSD 16"" WUXGA W11P Dizüstü Bilgisayar",
"Predator Helios Neo16 Ultra9 275HX 80GB 1TB SSD RTX5060/8GB 16"" QHD+ W11P Gaming Laptop",
"Predator Helios Neo18 Ultra9 275HX 40GB 4TB SSD RTX5070Ti/12GB 18"" QHD+ FDOS Gaming Laptop",
Inspiron 3520 i7 1255U 40GB RAM 4TB SSD 15.6'' FHD W11HOME I35201013U & PER4 ÇANTA,
"Omen16 Ryzen AI 9-365 40GB 256GB SSD RTX5070/8GB 115W 16"" QHD+ 240Hz W11H Gaming Laptop &Çanta",
"Probook 440 G10 I7 1355U 32GB 2tb SSD Iris® Xe W11Home 14"" IPS 968L9ETH19 + Zetta Çanta",
Extensa 15 EX215-55 i7-1255U 24GB RAM 1TB SSD 15.6'' FHD W11P Dizüstü Bilgisayar & PER4 ÇANTA,
"ThinkBook 14 G6 i7-13700H 16-GBDDR5 2 TBSSD 14"" WUXGA Freedos 21KG004NTRHMF7",
"Cyborg 15 i7-13620H 32GB 2 TBSSD RTX4050 15.6"" FHD 144Hz Win10 Pro + Sırt Ç. A13VE-897XTRHMF62",
"TUF Gaming A15 R5 7535HS 8GB 512GB SSD RTX3050/4GB 144Hz 15.6"" FHD FDOS HN006 & PER4 ÇANTA",
NB CROSSHAIR A17 HX D8WGKG-012XTR R9 8940HX 32GB DDR5 RTX5070 GDDR7 8GB 1TB SSD 17.0 QHD+ 240Hz,
ThinkBook 16 G6 i5 1335U 40GB DDR5 256GB SSD 16'' FHD+ FDOS Dizüstü Bilgisayar & PER4 ÇANTA,
"Crosshair 17 HX AI Ultra 9 275HX 24GB 512GB SSD RTX5070/8GB 115W 17"" 2K QHD+ 240Hz W11H Gaming",
Vector 16 HX AI Ultra 7 255HX 24GB 2TB SSD RTX5070TI/12GB 140W 16'' WUXGA W11P Gaming Laptop,
Omen W16-AM0017NT 7 240H 40GB 1tb SSD W11HOME RTX5060 8gb 16 Inc IPS 165HZ WBQ1Z0EAH24+Zetta Çanta,
"Pro 16 XCTOPRO16-U003 Core5-120U 32GB 512SSD 16"" WUXGA FreeDOS Dizüstü Bilgisayar",
"Thinkbook 16 G8 7 240H 32GB Ddr5 2tb SSD 16"" Wuxga IPS 60Hz W11HOME 21SH009GTXH11 + Zettaçanta",
Expertbook P1 P1503 I7-13620H 40GB Ddr5 512GB SSD Freedos 15.6 Fhd WP1503CVAI716512G0D22 +ZETTACNT,
"Victus 16-R0071NT 8V898EA FR18 i7-13700H 40 GB 1 TB 8 GB RTX4070 16.1"" FHD DOS",
"Vector 16 Hx Ultra 7 255HX 16GB 4tb SSD 12GB/RTX5070TI/140W WIN11HOME 16"" Fhd+ 144Hz 091XTRH04",
"Cyborg 15 i5 13420H 40GB 1TB SSD RTX5060/8GB 15.6"" FHD 144Hz W11H Gaming Laptop B13WFKG",
"Pro 16 Xcto Ultra 5 120U 80GB 4tb SSD 16"" Fhd+ 300NIT WIN11HOME XCTOPRO16UI5H24+ZETTAÇANTA",
"Cyborg 15 i7 13620H 8GB 2TB SSD RTX5060/8GB 15.6"" FHD 144Hz FDOS Gaming Laptop B13WFKG",
"Thinkpad E16 G2 Ultra 5 125U 16GB 512GB SSD Intel® Aı Boost 16"" Wuxga IPS WIN 11 Home 21MA003MTXH01",
Pro 14 Ultra 5 235U 32GB Ddr5 1tb SSD W11PRO 14 Inç IPS Fullhd+ PC14250BTO113P13 + Zetta Çanta,
"Katana 15 HX B14WGK-068XTR005 i7-14650HX 64GB 2TBSSD RTX5070 15.6"" QHD FreeDOS Dizüstü Bilgisaya",
"Slim 3 Intel Core I7 13620H 8GB 1TB SSD W11/16"" Fhd Taşınabilir Bilgisayar +Lenovo Set",
"Nitro 5 ANV15-41-R7CH012 Ryzen7 7735HS 64GB 1TBSSD+1TBSSD RTX4060 15.6"" FHD FreeDOS Dizüstü Bil",
"Rog Strix Scar 18 U9 275HX 24GB 512GB SSD 16GB/RTX5080 18"" 2.5K 3Ms 1200Nits FDOS WSA129F01+ZETTACNT",
"Omen 17 Ryzen AI 7 350 24GB 4TB SSD RTX5060/8GB 17.3"" FHD 144Hz FDOS Gaming Laptop & Çanta",
"KATANA 17 i7-14650HX 32GB 4 TBSSD RTX5060 (8GB) 17.3"" Win11 Pro + Sırt Ç. B14WFK-215XTRHMF27",
"ThinkBook 14 2in1 G4 IML Ultra 7-155U 16GB 512 GB 14"" Win11Home + S.Çantası 21MX002VTRHMF56",
"Nirvana S200 300NIT i5-13420H 16GB DDR5 480GB SSD 16"" Freedos Laptop S200.1342-BV00X-G-F",
"TUF F16 i7-14650HX 32GB 4 TBSSD RTX5070 (8GB) 16"" 2.5K Freedos + Sırt Ç. FX608JPR-QT002HMF13",
Legion 7 16IRX9 I7 14700HX 96GB Ddr5 4tb SSD FDOS RTX4070 8gb 16 Inç 3.2k 83FD005KTRF46+Zetta Çanta,
Pro 16 Ultra 5 235U 32GB Ddr5 4tb SSD W11PRO 16 Inç IPS Fullhd+ PC16250BTO105P15 + Zetta Çanta,
"Pro 16 Plus Ultra 7-265U 16GB 2TB UHD Graphics 16"" Freedos + S.Çantası PB16250U7265U165UHMF3",
"15 FC0059NT AMD Ryzen 7 7730U 32GB 256GB SSD Freedos 15.6"" FHD Taşınabilir Bilgisayar 8M1T1EAS3",
"Crosshair A17 HX R7 8840HX 32GB 512GB SSD RTX5070/8GB 115W 17"" QHD+ 240Hz W11H Gaming D8WGKG",
"Predator Helios Neo16 Ultra9 275HX 80GB 4TB+4TB SSD RTX5070Ti/12GB 16"" QHD+ FDOS Gaming Laptop",
"15.6"" V15 83A100A5TR CORE i5 13420H 24GB- 512GB M2 NVME- O/B UHD FDOS",
"Predator Helios Neo16 Ultra9 275HX 64GB 4TB+4TB SSD RTX5070Ti/12GB 16"" QHD+ W11P Gaming Laptop",
"Omen16 Ryzen AI 7-350 8GB 4TB SSD RTX5060/8GB 16"" FHD+ 144Hz W11H Gaming Laptop &Per4 Çanta",
Alienware 16AC16250 7 240H 16GB 8tbSSD W11PRO 8gb RTX5060 16Inç 2K AC16250C71615U56NP07+Zetta Çanta,
"Predator Helios Neo18 Ultra9 275HX 80GB 4TB SSD RTX5070Ti/12GB 18"" QHD+ W11P Gaming Laptop",
"Omen 17 Ryzen AI 7 350 32GB 1TB SSD RTX5060/8GB 17.3"" FHD 144Hz W11P Gaming Laptop & Çanta",
"Thinkbook 16 G7 Ryzen 5 7535HS 24GB Ddr5 2tb SSD 16"" Wuxga IPS W11PRO 21MW000PTRH07 + Zettaçanta",
Pro 15 Essential i5-1334U 32GB 4TB SSD 15.6'' FHD FDOS Taşınabilir Bilgisayar & Per4 ÇANTA,
"Nirvana X750 i3-1315U 8GB DDR5 1TB SSD Freedos 15.6"" Laptop X750.1315-8F00X-G-F",
"Alienware 16X Aurora Ultra 7 255HX 64GB 256GB SSD RTX5060/8GB 16"" QHD+ W11H Gaming Laptop",
"Loq I7-13700HX 48GB Ddr5 4tb SSD 8GB/RTX5060 15.6"" IPS W11PRO 83JE00LFTRP15+ZETTAÇANTA",
"Omen 16 7 240H 80GB 512GB SSD 8GB/RTX5070 16"" 165Hz FDOS BHPQ1Y7EAF21+Zettaçanta",
"Katana 17 İ9-14900HX 64GB 256GB SSD 8GB/RTX5070 115W 17.3"" Qhd 240Hz IPS Freedos W048XTRF16",
"Thinkbook 14 G6 Irl 21KG00Y5TREP1 i5-1335U 16GB RAM 512GB SSD WUXGA 14"" Win11P + ElektroPasaj Çanta",
Latitude 3450 i7 1355U 40GB DDR5 256GB SSD 14'' IPS W11H Taşınabilir Bilgisayar & PER4 ÇANTA,
"NevoPro 14"" 300NIT Core Ultra 7-255H 16GB DDR5 480GB Freedos NP40.255H-BV00X-G-F",
IdeaPad Slim 3 i5 13420H 16GB DDR5 256GB SSD 15.3'' IPS WUXGA FDOS Dizüstü & PER4 ÇANTA,
"TUF Gaming A15 R5 7535HS 8GB 256GB SSD RTX3050/4GB 144Hz 15.6"" FHD FDOS HN049 & PER4 ÇANTA",
"Thinkbook 16 G6 Irl I5 13420H 96GB 1tb SSD 16"" Wuxga 300NITS IPS WIN11HOME 21KH00SXTRH32 +ZETTACNT",
"Precision 3591 Ultra 7 155H 80GB 256GB SSD RTX A500/4GB 15.6"" FHD FDOS Workstation & Per4 Çanta",
"Nitro 5 I7-12650H 24GB 256GB SSD 8GB/RTX4060 140W IPS 17.3"" 144Hz Full Hd WIN11PRO NHQLFEY004P01",
"ProBook 440 G11 Ultra5 125U 48 GB 256 GB SSD 14"" Freedos A23MQEA-T61",
Thinkbook 16 G8 Ial Ultra 5 225U 48GB Ddr5 2tb SSD W11PRO 16 Inç IPS 21SK007VTXP32 + Zetta Çanta,
"Alienware 16X Aurora AC16251A002 Ultra7 255HX 16GB 1TBSSD+1TBSSD RTX5060 16"" WQXGA W11H Dizüstü",
"E16 G3 U7-255H 16GB 1 TBSSD Intel Arc Graphics 16"" Freedos +S. Çantası 21SR006RTXHMF1",
OMEN Max 16 Ultra 7 255HX 8GB 256GB SSD RTX5080/16GB 16'' 240Hz WQXGA W11P Gaming Laptop & ÇANTA,
Loq 17IRX10 I7 13650HX 16GB 2tbSSD RTX5060 8gb W11HOME 17.3 Inç Fhd 165HZ W83JH006ETRH03+Zetta Çanta,
Latitude 5550 Ultra 7 155U 40GB DDR5 1TB SSD 15.6'' FHD W11P Dizüstü Bilgisayar & PER4 ÇANTA,
"Ideapad Slim 3 Intel Core I5 13420H 24GB RAM DDR5 512GB SSD Freedos 16"" inç IPS Panel Bilgisayar",
"Loq 15IRX10 I7 13700HX 40GB Ddr5 1tb SSD RTX5050 8gb FDOS 15.6"" IPS W83JE00KKTRF20 + Zetta Çanta",
"Alienware 16X Aurora Ultra 7 255HX 80GB 2TB SSD RTX5060/8GB 16"" QHD+ W11H Gaming Laptop",
"Nitro V15 ANV15-52-91EQ I9 13900H 8gb 2tbSSD RTX5060 8gb W11PRO 15,6"" NHQZAEYP04+Zetta Çanta",
"250 G10 B2PH7ES008 i5-1334U 16GB 512SSD 15.6"" FHD W11P Dizüstü Bilgisayar",
Extensa 15 EX215-55 i7-1255U 16GB RAM 2TB SSD 15.6'' FHD W11H Dizüstü Bilgisayar & PER4 ÇANTA,
"Rog Strix G16 I7 14650HX 32GB 2tb Ssd+2tb SSD 8GB/RTX5060 115W 16"" 2,5k 240Hz 3ms W11HOME WS5049H14",
"Nitro V 15 ANV15-41 NH.QPFEY.002 R5-7535HS 16GB 512GB SSD RTX3050 15.6"" 165Hz W11H",
"250 G10 i5-1334U 16GB 1TB SSD 15.6"" FHD W11P Taşınabilir Bilgisayar B2NC5ES 013",
Latitude 3550 i7 1355U 64GB 4TB SSD MX570A/2GB 15.6'' FDOS Dizüstü Bilgisayar & PER4 ÇANTA,
Legion 7 16IRX9 I7 14700HX 32GB 512GB SSD W11PRO RTX4070 8gb 16Inç 3.2k 83FD005KTRP13+Zetta Çanta,
"Crosshaır 18 Ultra 9-275HX 24GB 512GB SSD 8GB/RTX5070 115W 18""2.5k 240Hz Freedos W032XTRF01",
"Alienware 16X U7-255HX 32GB 2tb SSD 8GB/RTX5060 115W 16"" Wqxga 240Hz 500 Nits WIN11PRO ZAC16251P13",
"Rog Strix G16 I7 14650HX 32GB 2tb SSD 8GB/RTX5060 115W 16"" 2,5k 240Hz 3ms WIN11HOME WS5049H13",
"Excalibur G880 i7-13620H 32GB 4TB RTX5060 8GB 165Hz 15.6"" Freedos Gaming Laptop G880.1362-DN60X-C",
"Excalibur G880 i7-13620H 64GB 1TB RTX5060 8GB 165Hz 15.6"" Freedos Gaming Laptop G880.1362-EF60X-C",
"Loq 15IRX10 I7-13700HX 64GB 512GBSSD 15.6"" 8GB/RTX5050 144Hz FDOS 83JE00KMTRF17+ZETTAÇANTA",
"Rog Strix G16 Ultra 9 275HX 16GB 1TB SSD RTX5070/8GB 240Hz 16"" QHD+ W11H Gaming Laptop G615LP",
"Cyborg 15 i7-13620H 16GB 4 TBSSD RTX4050 15.6"" FHD 144Hz Win10 Pro + Sırt Ç. A13VE-897XTRHMF67",
"Aspire Go 15 I7-13620H 16GB 1tb SSD FDOS 15,6"" Fhd (1920 x 1080) IPS NXJ6SEY001F03+Zetta Çanta",
"Victus i5-14450HX 16-GBDDR5 1 TBSSD RTX4050 16.1"" FHD 144Hz Win10 Pro +S. Çantası BL6W5EAHMF46",
"Nitro V15 NH.QZAEY.004-32 İ9 13900H 32GB 512GB SSD RTX5060-8GB 165Hz 15,6"" W11 Home Notebook",
"Ideapad Amd Ryzen 5 7520U 16gb 512gb Ssd 15.6"" W11 Home Taşınabilir Bilgisayar",
"Victus 15 15-FA2704NT B7TG9EA FR83 i5-13420H 24 GB 2 TB SSD RTX3050 15.6"" W11P + Çanta",
"Katana 17 Hx İ9-14900HX 32GB 1tb SSD 8GB/RTX5060 115W 17.3"" Qhd 240Hz IPS WIN11PRO W217TRP08",
Omen 16-AM0033NT I9 14900HX 96GB 6tb SSD RTX5060 8gb W11PRO 16Inç 144Hz IPS WC39J7EAP47+Zetta Çanta,
"Loq I5-13450HX 80GB Ddr5 4tb SSD 8GB/RTX5050/100W 15.6"" IPS FDOS 83JE00JLTRF24 + Zettaçanta",
"Victus Ryzen 7-7445HS 96GB 512GBSSD Rtx RTX4050/6GB 15.6"" (1920 x 1080) FDOS WBX9U9EAF32+ZETTAÇANTA",
"15.6"" VOSTO 3530 N3409PVNB3530U CORE i5 1334U-32GB RAM-512GB NVME-FDOS",
"Crosshair 17 HX AI Ultra 9 275HX 48GB 4TB SSD RTX5070/8GB 115W 17"" 2K QHD+ 240Hz W11H Gaming",
"ThinkBook 16 G6 i5 13420H 40GB 1TB SSD 16"" WUXGA FDOS Dizüstü Bilgisayar & PER4 ÇANTA",
"Thinkbook 16 G7 Iml Ultra 7 155H 80GB 2tb SSD 16"" Wuxga 300NITS IPS WIN11PRO 21MS008RTRP34",
"Katana 15 Hx İ7-14650HX 48GB 256GB SSD 8GB/RTX5060 115W 15.6"" Qhd 165Hz IPS WIN11HOME W449XTRH11",
"Cyborg 15 5 210H 24GB Ddr5 4tb SSD RTX5060 8gb W11Home 15.6"" 144HZ B2RWFKG207XTRH10 + Zetta Çanta",
"Vector 16 HX AI Ultra 9 275HX 48GB 4TB SSD RTX5070/8GB 115W 16"" QHD+ 240Hz FDOS Gaming",
"Ideapad Slim 3 82XM00U4TX002 Ryzen7 5825U 16GB 512SSD 15.6"" FHD W11P Dizüstü Bilgisayar-CNT00",
"Nitro 5 I7-12650H 48GB 2tb SSD 8GB/RTX4060 140W IPS 17.3"" 144Hz Full Hd WIN11PRO NHQLFEY004P19",
"TUF Gaming F16 Core5 210H 20GB 1TB SSD RTX3050/6GB 16"" WUXGA 144Hz W11P Laptop FX607VJ",
"KATANA 17 i9-14900HX 40GB 4 TBSSD RTX5070 (8GB) 17.3"" 2K QHD 240Hz Win11 Home B14WGK-048XTRHMF54",
"Omen16 Ryzen AI 9-365 40GB 2TB SSD RTX5070/8GB 115W 16"" QHD+ 240Hz W11P Gaming Laptop &Çanta",
Pro 16 Plus PB16250 Ultra 5 238V 32GB 2TB SSD Intel Arc 16 FHD+ FreeDOS,
"Nirvana S200 300NIT i5-13420H 24GB DDR5 2TB SSD 16"" Freedos Laptop S200.1342-CX00X-G-F",
"Rog Strix G18 i9 14900HX 16GB 1TB SSD RTX5060/8GB 240Hz 16"" QHD+ W11H Gaming Laptop G815JMR",
"TufF15 I7-13620H 32GB DDR5 512GB SSD Freedos 15.6"" Fhd 144Hz 8GB/RTX4060 FX507VV-LP24205+ZETTAÇNT",
Pro 16 Ultra 5 235U 32GB Ddr5 1tb SSD W11HOME 16 Inç IPS Fullhd+ PC16250BTO105H13 + Zetta Çanta,
"Omen 16 Core 7 240H 48GB 4TB+4TB SSD RTX5060/8GB 16"" FHD+ 165Hz W11H Gaming Laptop & Per4 Çanta",
"Cyborg 15 i7 13620H 96GB 256GB SSD RTX5060/8GB 15.6"" FHD 144Hz W11P Gaming Laptop B13WFKG",
"Expertbook B1 B1503CVA-S75437 I5-13420H 16GB 512GB SSD 15.6""fhd FDOS S75437F02+ZETTAÇANTA",
"Inspiron 3520 Intel Core i5 1235U 16 GB 1 TBSSD Windows 11 Home 15.6"" FHD 120Hz 3520AR20",
Ideapad Slim 5 i5-13420H 24GB DDR5 256GB SSD UHD Graphics 14'' WUXGA OLED W11H Dizüstü Laptop,
NB VECTOR A18 HX A9WHG-094TR R9-9955HX 32GB DDR5 RTX5070TI GDDR7 12GB 1TB SSD 18.0 QHD+ 240Hz W1,
Inspiron 15 3530 i5 1334U 36GB 512GB SSD 15.6'' FHD 120Hz W11P Dizüstü Laptop & PER4 ÇANTA,
"ExpertBook P3405CVA-I7161TBG1DEP10 i7-13620H 32GB RAM 2TB SSD 14"" WUXGA Win11P + ElektroPasaj Çanta",
"KATANA 15 HX i9-14900HX 64GB 4 TB RTX5060(8GB-115W) 15.6"" 2K QHD Freedos B14WFK-450XTRHMF10",
"Latitude 5450 Ultra 7-155U 40 GB 512 GBSSD 14"" FHD Freedos + S.Çantası N012L545014UHMF15",
"Vostro 3530 i7-1355U 16GB 512GB SSD 15.6"" FHD 120Hz Windows 11 Pro Laptop N1601PVNB3530U 011",
"Omen Slim 16 Ultra 9 285H 96GB 256GB SSD RTX5060/8GB 16"" FHD+ 165Hz W11P Gaming Laptop & Çanta",
Pro 16 Ultra 5 235U 40GB Ddr5 256GB SSD W11HOME 16 Inç IPS Fullhd+ PC16250BTO105H16 + Zetta Çanta,
"Latitude 3540 I5 1335U 32GB 256GB SSD Ubuntu 15.6"" Fhd N006L354015U09 +ZETTAÇANTA",
"250R G9 9B9X4EA i3-1315U 8GB 512GB SSD 15.6"" FDOS",
"TUF F16 i7-14650HX 40GB 4 TBSSD RTX5060 (8GB) 16"" Win10 Pro + Sırt Çantası FX608JMR-RV024HMF60",
"Ideapad Slim 3 83K10060TR006 i7-13620H 24GB 1TBSSD 15.3"" WUXGA FreeDOS Dizüstü Bilgisayar",
"Omen 16 R9-8940HX 24GB 1TB SSD RTX5070/8GB 16"" QHD+ 240Hz W11H Gaming Laptop & Per4 Çanta",
"Cyborg 15 I5 13420H 24GB 256GB SSD RTX5060 8gb W11PRO 15.6"" 144HZ IPS B13WFKG491XTRP06+Zetta Çanta",
"Precision 3591 Ultra 7 155H 32GB 256GB SSD RTX A500/4GB 15.6"" FHD W11H Workstation & Per4 Çanta",
"Alienware 16X U7-255HX 32GB 512GB SSD 8GB/RTX5060 115W 16"" 240Hz 500 Nits WIN11PRO ZAC16251P09",
"Victus 16 i5 14450HX 64GB 4TB SSD RTX3050/6GB 16.1"" FHD 144Hz W11H Gaming Laptop & PER4 Çanta",
"Cyborg 17 i7 13620H 8GB 4TB SSD RTX5060/8GB 17.3"" FHD 144Hz FDOS Gaming Laptop B13WFKG",
"Predator Helios Neo18 Ultra9 275HX 64GB 4TB SSD RTX5070Ti/12GB 18"" QHD+ FDOS Gaming Laptop",
"Cyborg 17 i7 13620H 64GB 2TB SSD RTX5060/8GB 17.3"" FHD 144Hz W11H Gaming Laptop B13WFKG",
"Aspire Lite i7 12650H 24GB DDR5 2TB SSD 15.6"" FHD W11P Dizüstü Bilgisayar & PER4 Çanta",
Nitro V16 i5-14450HX 32GB 4TB SSD RTX4050/6GB 85W 16'' WUXGA 165Hz W11H Gaming Laptop & ÇANTA,
Thinkbook 16 G8 Ial Ultra 5 225U 48GB Ddr5 1tb SSD FDOS 16 Inç Wuxga IPS 21SK007VTXF31 + Zetta Çanta,
"Aspire Go 15 Ryzen 7 5825U 32GB Ddr4 512GBSSD 15.6"" LCD Mat 60Hz FDOS NXJ7XEY002F09+Zettaçanta",
"Ideapad 5 2-In-1 14IAL10 Ultra 5 225U Aı 16GB 1tbSSD 14"" WIN11HOME Touch+ 83KR000FTRH03+ZETTAÇANTA",
"Excalibur G870 i7-13620H 16GB 480GB RTX5060 8GB 165Hz 15.6"" W11H Gaming Laptop G870.1362-BV60A-C",
"Thinkpad E14 G7 Ultra 7 255H Aı 48GB 4tb SSD 14"" FDOS Taşınabilir BILG.T21SX007CTXF15+ZETTAÇANTA",
Vostro 3530 Intel Core i5-1334U 16GB RAM 512GB SSD 15.6'' FHD Laptop ( ÇANTA + MOUSE HEDİYELİ),
"TUF Gaming F16 Core5 210H 64GB 2TB SSD RTX3050/6GB 16"" WUXGA 144Hz W11P Laptop FX607VJ",
"Precision 3591 Ultra 7 155H 48GB 256GB SSD RTX A500/4GB 15.6"" FHD W11H Workstation & Per4 Çanta",
"Pro 15 Essential I7 1355U 5 Ghz 8gb 256GB SSD W11HOME 15.6"" FHD Wva IPS PV152501355UH01+Zetta Çanta",
"Probook 4 G1I Ultra 7 255U 64GB 256GBSSD 14"" (1920 x 1200), 300 Nits FDOS C9FH1ETF16+ZETTAÇANTA",
"Omen 17-DB0021NT R7-8845HS 24GB 2 TBSSD RTX4070 (8 GB) 17.3"" FHD Windows 10 Pro A44QSEAHMFY69",
Victus 15 R5 8645HS 24GB RAM 2TB SSD RTX3050/6GB 144Hz 15.6'' FHD W11H Gaming Laptop & ÇANTA,
Thinkpad E16 Gen3 Ultra 7 255H 48GB Ddr5 1tb SSD W11PRO 16 Inç Wuxga IPS 21SR006RTXP23 + Zetta Çanta,
"Cyborg 15 Intel Core 5 210H 48GB 512GB SSD RTX5060/8GB 15.6"" FHD W11H Gaming Laptop B2RWFKG",
"Victus 15 15-FA2704NT B7TG9EA FR63 i5-13420H 24 GB 1 TB SSD RTX3050 15.6"" W11H + Çanta",
Nitro V15 R5 7535HS 16GB 2TB SSD RTX2050/4GB 15.6'' 144Hz FHD W11P Gaming Laptop & PER4 ÇANTA,
Inspiron 3520 i7 1255U 40GB RAM 512GB SSD 15.6'' FHD FDOS I35201013U & PER4 ÇANTA,
"Victus 15 15-FA2704NT B7TG9EA FR106 i5-13420H 16 GB 512 GB SSD RTX3050 15.6"" W11H + Çanta",
"Tuf F16 FX608JH İ5-13450HX 80GB 1tb SSD 8GB/RTX5050 115W 165Hz 16"" Fhd+ IPS W11HOME WRV082H23",
"Katana 15 Hx I9 14900HX 16GB 256GB W11Home RTX5060 8gb 115W 15.6"" 2k QHD B14WFK450XTRH01+ZETTAÇNT",
ZBook 8 G1i 16 Ultra 9 285H 32GB 1TB SSD 4GB RTX 500 Ada 16 WUXGA Windows 11 Pro B30HJES,
"Aspire Go 15 I7-13620H 48GB 1tb SSD W11HOME 15,6"" Fhd NXJ6SEY001H23+Zetta Çanta",
Latitude 3540 Intel Core I5 1235U 64GB 2tb SSD 15.6 IPS Fhd Ubuntu DN049L354015U14 + Zetta Çanta,
"Ideapad Slim 3 15IRH10 Core I7 13620H 16GB 512GB SSD Freedos 15.3"" Wuxga IPS 300NITS 83K10060TRF01",
"Lenovoo IdeaPad Slim 3 83K1004ETR i5 13420H 8GB 512GB SSD 15.3"" WUXGA (1920x1200) FreeDOS Notebook",
"CYBORG 15 i7-13620H 64GB 4 TBSSD RTX4060 15.6"" 144Hz FHD Win11 Pro + Sırt Ç. A13VF-893XTRHMF23",
"Predator Helios Neo16 Ultra9 275HX 48GB 4TB+4TB SSD RTX5060/8GB 16"" QHD+ FDOS Gaming Laptop",
Victus 15 R5 8645HS 64GB RAM 1TB SSD RTX3050/6GB 144Hz 15.6'' FHD FDOS Gaming Laptop & ÇANTA,
"Elitebook 660 G11 Ultra 7 155U 24GB Ddr5 2tb SSD 16"" Wuxga IPS W11HOME 9C004EAH07 + Zetta Çanta",
"Vivobook WS3407VA S14 I5 13420H-32GB Ddr5-2tb Ssd-14"" Wuxga IPS 300NITS WIN11PRO ZLY045H19+ZettaÇNT",
"Vostro 3530 Intel Core i5 1334U 16GB 2TB SSD 15.6"" FHD W11P & PER4 Çanta",
Omen 16-AM0033NT I9 14900HX 40GB 8tb SSD RTX5060 8gb FDOS 16Inç 144Hz IPS WC39J7EAF24+Zetta Çanta,
"Crosshaır A17 Hx Ryzen9 8940HX 80GB 512GB SSD 8GB/RTX5070 115W 17""2.5k 240Hz WIN11PRO Z012XTRP33",
"Cyborg 15 Intel Core 5 210H 128GB 4TB+4TB SSD RTX5060/8GB 15.6"" FHD W11H Gaming Laptop B2RWFKG",
"Latitude 3550 Intel Core I5 1335U 48GB Ddr5 2tb SSD 15.6"" Fhd IPS Freedos WN012L54501414+ZETTAÇANTA",
"Vector 18 HX AI Ultra 9 275HX 8GB 512GB SSD RTX5070Ti/12GB 140W 18"" QHD+ 240Hz W11H Gaming",
"Latitude 3550 Intel Core I5 1335U 48GB Ddr5 4tb SSD 15.6"" Fhd IPS Freedos WN012L54501415",
"Tuf F16 FX607VU Ultra 5 210H 24GB 2tb SSD 6GB/RTX4050W11HOME 16"" Fhd+ 144Hz IPS FXRL141H07+ZettaCNT",
"CYBORG 17 i7-13620H 40GB 4 TBSSD RTX5070 17.3"" Win 10 Home + S. Çantası B13WGKG-251XTRHMF75",
"Cyborg 15 A13UC-2087XTR004 i5-13420H 32GB 1TBSSD RTX3050 15.6"" FHD FreeDOS Dizüstü Bilgisayar",
"IdeaPad Slim 3 16IAH8 i5-12450H 16-GBDDR5 1 TBSSD 16"" WUXGA IPS Win 10 Pro 83ES002HTRAR7",
"Victus 15 15-FA2704NT B7TG9EA FR27 i5-13420H 32 GB 2 TB SSD RTX3050 15.6"" DOS",
"Expertbook İ5-1334U 64 GB 2 TBSSD Intel Xe Graphics 14"" Win 11 Pro + S.Çantası B1403CVAHMF33",
D14 13th Gen Intel® Core i5-13420h 16gb 512gb Intel Uhd Graphics 14 Uzay Grısı Notebook Freedos,
"KATANA 17 HX i7-14650HX 48GB 1 TBSSD RTX5060 17.3"" Win11Home + S.Çantası B14WFK-257XTRHMF34",
"Victus 16-R0071NT i7-13700H 32 GB 2 TBSSD RTX4070 16.1"" FHD Win 10 Pro + S. Çanta 8V898EAHMF52",
"Vivobook S16 i7 13620H 16GB DDR5 2TB SSD 16"" 144Hz WUXGA FDOS S3607VA Dizüstü Bilgisayar",
"Crosshair A17 HX R7 8840HX 64GB 1TB SSD RTX5070/8GB 115W 17"" QHD+ 240Hz W11H Gaming D8WGKG",
"Rog Strix G18 i9 14900HX 64GB 256GB SSD RTX5060/8GB 240Hz 16"" QHD+ FDOS Gaming Laptop G815JMR",
"Victus 16 i5 14450HX 48GB 4TB SSD RTX3050/6GB 16.1"" FHD 144Hz FDOS Gaming Laptop & PER4 Çanta",
"Vivobook WS3607VA S16 I7 13620H-20GB Ddr5-2tb Ssd-16"" Wuxga IPS 300NITS 144Hz WIN11PRO ZRP077H09",
"V16 Core 7 240H 16GB 2TB SSD RTX5070/8GB 16"" FHD+ 144Hz W11H Gaming Laptop V3607VP & ÇANTA",
"Nitro 5 ANV15-41-R7CH006 Ryzen7 7735HS 32GB 1TBSSD RTX4060 15.6"" FHD FreeDOS Dizüstü Bilgisayar",
"Nitro V15 ANV15-52-91EQ I9 13900H 40GB 4tbSSD RTX5060 8gb W11PRO 15,6"" NHQZAEYP25+Zetta Çanta",
"CYBORG 17 i7-13620H 32GB 2 TBSSD RTX5070 17.3"" Win 11 Home + S. Çantası B13WGKG-251XTRHMF37",
Vivobook 15 X1504VA-BQ5456 P2 İntel Core 7 150U 16gb Ram 512gb Ssd 15.6'' Win11,
"ROG Strix G16 i9-14900HX 16GB 2TB SSD RTX4060/8GB 165HZ 16"" WUXGA FDOS N3095 & PER4 ÇANTA",
"Aspire Lite AL16-71P Ultra 5 125H 96GB 4tb SSD FDOS 16"" IPS Fullhd+NXDCLEY001F40+Zetta Çanta",
"Victus 15 15-FA2704NT B7TG9EA FR6 i5-13420H 16 GB 1 TB SSD RTX3050 15.6"" W11P",
"Cyborg 15 i5-13420H 64GB 1 TBSSD RTX4050 (6GB-45W) 15.6"" FHD Win11 Pro A13VE-1478XTRHMF28",
"Loq 15ARP9 Ryzen 7 7435HS 16GB 1tb SSD W11PRO 4070 8gb 115W 15.6"" Fhd IPS 144Hz 83JC00FGTRP03",
"Nitro 18 Ryzen 9 365 48GB 512GB+512GBSSD 12GB/RTX5070TI 18"" Qhd W11PRO NHQYFEY001P37+ZettaÇNT",
"Excalibur G880 Series 2 Core 7-240H 24GB 1TB RTX5060 15.6"" Freedos Gaming Laptop G880.240H-CF60X-C",
"Crosshaır A17 Hx Ryzen9 8940HX 64GB 4tb SSD 8GB/RTX5070 115W 17""2.5k 240Hz Freedos Z012XTRF31",
"TUF Gaming F16 FX608JH-RV010A007 i5-13450HX 32GB 512SSD+1TBSSD RTX5050 16"" WUXGA DOS Bilgisayar",
"Crosshair 17 HX AI Ultra 7 255HX 64GB 4TB SSD RTX5070/8GB 115W 17"" 2K QHD+ 240Hz FDOS Gaming",
"V16 Core 7 240H 24GB 2TB SSD RTX5070/8GB 16"" FHD+ 144Hz W11P Gaming Laptop V3607VP & ÇANTA",
Katana 17 HX i7-14650HX 24GB 2TB SSD RTX5060/8GB 17.3'' 2K QHD 240Hz W11P Gaming Laptop B14WFK,
Nitro V15 R7 7735HS 40GB 4TB SSD RTX4050/6GB 75W 15.6'' FHD 165Hz FDOS Gaming Laptop & ÇANTA,
"V440VAT-158512W0D i5-13420H 8GB 512SSD 23.8"" Dokunmatik FHD All In One Bilgisayar FreeDOS",
"Tuf F16 FX608JH İ5-13450HX 80GB 1tb SSD 8GB/RTX5050 115W 165Hz 16"" Fhd+ IPS W11HOME WRV082H23",
"ExpertBook B5 Ultra 7 255H 24GB 512GB SSD 14"" FHD+ W11H Dizüstü Bilgisayar & PER4 Çanta",
"Omen 16 R9-8940HX 64GB 2TB SSD RTX5070/8GB 16"" QHD+ 240Hz W11P Gaming Laptop & Per4 Çanta",
"Loq 15IRX10 Intel® Core I7-13650HX 64GB 4tbSSD 15.6"" 8GB/RTX5060 144Hz FDOS 83JE00ETTRF20+ZETTAÇANTA",
"Omen 16 R9-8940HX 48GB 2TB SSD RTX5070/8GB 16"" FHD+ 144Hz W11P Gaming Laptop & Per4 Çanta",
"Predator Helios Neo16 Ultra9 275HX 80GB 4TB SSD RTX5060/8GB 16"" QHD+ W11H Gaming Laptop",
"Victus 15-FA2012NT C21SFEA016 i7-13620H 64GB 1TBSSD RTX5060 15.6"" FullHD FreeDOS Dizüstü Bilgisay",
"Omen 16 Ultra 7 255H 24GB 2TB SSD RTX5060/8GB 115W 16"" FHD+ 165Hz FDOS Gaming Laptop & Çanta",
"Cyborg 15 I7 13620H 32GB 512GB SSD RTX5050 8gb FDOS 15.6"" 144HZ IPS B13WEKG613XTRF12+Zetta Çanta",
Extensa 15 EX215-55 i7-1255U 40GB RAM 2TB SSD 15.6'' FHD W11H Dizüstü Bilgisayar & PER4 ÇANTA,
"Omen 16 R9-8940HX 32GB 4TB+4TB SSD RTX5070/8GB 16"" FHD+ 144Hz FDOS Gaming Laptop & Per4 Çanta",
"Omen 17 Ryzen AI 7 350 48GB 512GB SSD RTX5060/8GB 17.3"" FHD 144Hz FDOS Gaming Laptop & Çanta",
"Probook 460 G11 Ultra 7 155H Ddr5 48GB 256GB SSD FDOS RTX2050 4gb 16"" IPS A23BYEAF21 + Zetta Çanta",
"Victus 16-R1061NTT 9J263EA02 i5-14500HX 16GB 512SSD+1TBSSD RTX4060 16.1"" FHD FreeDOS Dizüstü Bilg",
Inspiron 15 3530 i5 1334U 40GB 1TB SSD 15.6'' FHD 120Hz FDOS Dizüstü Laptop & PER4 ÇANTA,
"Crosshair A17 HX R7 8840HX 16GB 4TB SSD RTX5070/8GB 115W 17"" QHD+ 240Hz W11P Gaming D8WGKG",
"Cyborg 17 i7 13620H 80GB 2TB SSD RTX5060/8GB 17.3"" FHD 144Hz W11H Gaming Laptop B13WFKG",
"Cyborg 15 A13VF3 i7-13620H 16GB 2TB SSD RTX4060/8GB 15.6"" FHD 144HZ W11P & PER4 ÇANTA",
"ThinkBook 14 2in1 G4 IML Ultra 7-155U 64GB 4 TBSSD 14"" Win10Home + S.Çantası 21MX002VTRHMF93",
"Pro 15 Essential I5 1334U 24GB Ddr5 4tb SSD FDOS 15.6"" FHD 120HZ Wva IPS PV152501334UF10+Zetta Çanta",
"Crosshair 17 HX AI Ultra 9 275HX 64GB 512GB SSD RTX5070/8GB 115W 17"" 2K QHD+ 240Hz FDOS Gaming",
"Pro 14 5 120U 64GB Ddr5 2tb SSD Graphics 14"" Fhd+ IPS W11PRO PC14250C516520H23 + Zettaçanta",
"Cyborg 15 I7 13620H 32GB 4tb SSD RTX5050 8gb W11PRO 15.6"" 144HZ IPS B13WEKG613XTRP15+Zetta Çanta",
Pro 14 PC14250 Ultra 5 235U 64GB 2TB SSD 14 FHD+ Windows 11 Pro,
"Vostro 3530 i7-1355U 40GB 1TB SSD 15.6"" 120 Hz FHD Win11P N1601PVNB3530U ATL97 Notebook +Çanta",
Predator PH18-73 Ultra 9 275HX 96GB 8tb FDOS 16GB RTX5080 18'' WQXGA NHQVZEY001F30 + Zetta Çanta,
"ThinkPad E16 G2 Ultra 5-125U 48GB 2 TBSSD Intel Graphics 16"" WUXGA Win11 Pro 21MA003MTXFR35",
"Expertbook B3 Flip B3402FVA I5-1335U 40GB 256GB SSD 14"" Fhd Dokunmatik Freedos B3402I58512S0D11",
Nitro V15 ANV15 13.nesil Core I7 13620H 48GB 512GBSSD 8GB/RTX5060 FDOS NHQZAEY001F17+ZETTAÇANTA,
"E16 GEN 3 U5 225U 64 GB RAM 2 TB SSD 16"" DOS 21SSS29ATX Zİ715",
Latitude 3540 i5-1235U 12GB RAM 4TB SSD 15.6'' FHD W11HOME Dizüstü Bilgisayar & PER4 ÇANTA,
Nitro V15 i9 13900H 40GB 512GB SSD RTX4060/8GB 15.6'' 165Hz FHD W11H Gaming Laptop & PER4 ÇANTA,
Katna17 Hx I7 14650HX 48GB 2tb SSD W11HOME RTX5060 8gb 17 Inç 2k QHD B14WFK216XTRH24+Zetta Çanta,
Katana 17 HX i9-14900HX 48GB 512GB SSD RTX5070/8GB 17.3'' 2K QHD 240Hz W11H Gaming Laptop B14WGK,
Victus 15 Intel Core 7 240H 32GB 4TB SSD RTX5060/8GB 15.6'' 144Hz FHD W11P Gaming Laptop,
"Cyborg 15 Intel Core 5 210H 64GB 256GB SSD RTX5060/8GB 15.6"" FHD W11H Gaming Laptop B2RWFKG",
"CROSSHAIR 16HX AI Ultra 9-275HX 64GB 1 TBSSD RTX5070 16"" Win10 Pro + Çanta D2XWGKG-047XTRHMF38",
"Alienware 16X U7-255HX 64GB 2tb SSD 8GB/RTX5060 115W 16"" Wqxga 240Hz 500 Nits WIN11PRO ZAC16251P29",
"Nitro I9-13900H 32GB 4 TBSSD RTX 4060 15.6"" FHD Freedos + Sırt Ç. NH.QQEEY.007HMF12",
"Omen 16 Ryzen AI 7 350 16GB 256GB SSD RTX5070/8GB 16"" FHD+ 144Hz W11H Gaming Laptop & Çanta",
"Nitro V 15 ANV15-52 I7 13620H 48GB 4tbSSD RTX5060 8gb 75W W11PRO 15.6"" NHQZ8EY002P30+ZettaÇNT",
"Latitude 3540 Intel Core i5 1235U 12GB 4TB SSD 15.6"" FHD W11P & PER4 Çanta",
"Nitro 16 AN16-42 R7 8845HS 80GB 4tb SSD 8GB/RTX4060 140W 16"" 180Hz IPS WIN11HOME NHQSKEY004H25",
"Victus 16-S1010NT 9Z790EA FR7 8GB RTX4060 Ryzen 7 8845HS 16 GB 1 TB 16,1"" FHD 144Hz W11P",
Latitude 3540 i5-1235U 12GB RAM 4TB SSD 15.6'' FHD FDOS Dizüstü Bilgisayar & PER4 ÇANTA,
Tuf Gaming A15 FA507NUR-LP036 Ryzen 7 7435HS 16GB Ram 512GB SSD Rtx 4050 140W 144Hz WIN11 Pro 1,
"Excalibur G920 i9-14900HX 64GB 2TB+2TB RTX5080 16GB 300Hz 16"" Dos Gaming Laptop G920.1490-EN80X-E",
"Ideapad Slim 3 Intel Core I7-13620H 16GB 512GB SSD W11P 16"" Bilgisayar CsrTech Çantalı",
"Omen 16-AP0014NT R9 8940HX 16GB 512GB RTX5070 8gb 16"" 240Hz 500NITS W11Home C12CJEAH01 + Zetta Çanta",
Vector 16 HX AI Ultra 7 255HX 40GB 4TB SSD RTX5070TI/12GB 140W 16'' WUXGA FDOS Gaming Laptop,
"Loq 15AHP10 Ryzen 7 250 64GB Ddr5 512GB SSD W11HOME RTX5050 8gb 15.6"" IPS 83JG006ATRH37+Zetta Çanta",
Nitro V15 R5 7535HS 24GB 512GB SSD RTX3050/6GB 15.6'' 144Hz FHD W11P Gaming Laptop & PER4 ÇANTA,
"Loq 15AHP10 Ryzen 7 250 16GB Ddr5 8tb SSD W11PRO RTX5050 8gb 15.6"" IPS 83JG006ATRP07 + Zetta Çanta",
"Vostro 3530 Intel Core i5 1334U 12GB 2TB SSD 15.6"" FHD W11H & PER4 Çanta",
"Elitebook 6 G1I Intel® Core Ultra 7 255U 32GB 4tbSSD 14"" (1920 x 1200), FDOS C9XW2ETF10+ZETTAÇANTA",
"Aspire Go 15 I7-13620H 24GB 256GB SSD W11HOME 15,6"" Fhd NXJ6SEY001H06+Zetta Çanta",
"CYBORG 17 i7-13620H 40GB 1 TBSSD RTX5070 17.3"" Win 11 Pro + S. Çantası B13WGKG-251XTRHMF20",
Victus 15 R5 8645HS 32GB RAM 4TB SSD RTX3050/6GB 144Hz 15.6'' FHD W11H Gaming Laptop & ÇANTA,
Pro 16 Ultra 5 235U 80GB Ddr5 2tb SSD FDOS 16 Inç IPS Fullhd+ PC16250BTO105F34 + Zetta Çanta,
"Cyborg 17 i7 13620H 80GB 512GB SSD RTX5060/8GB 17.3"" FHD 144Hz FDOS Gaming Laptop B13WFKG",
"Thinkbook 14 21KG00UCTR12 i5-13420H 16GB 1TBSSD 14"" FHD+ W11P Dizüstü Bilgisayar-CNT013",
"ThinkPad E16 G2 Ultra 7-155U 16 GB RAM 1 TB SSD 16"" Win11 Pro 21MBS0Q9ZX Zİ702",
ROG Strix G16 i7 14650HX 16GB 2TB SSD RTX5060/8GB 240Hz WQXGA 16'' W11H G615JMR Gaming Laptop,
"Loq 15ARP9 Ryzen 7 7435HS Ddr5 16GB 4tbSSD RTX4050-6GB 300NITS 15.6"" 144Hz Fhd FDOS 83JC00CRTRF04",
"Omen 17 Ryzen AI 7 350 32GB 4TB SSD RTX5060/8GB 17.3"" FHD 144Hz FDOS Gaming Laptop & Çanta",
"Tuf A16 Ryzen 7 7445HS 16GB 2tb SSD RTX4050/6GB 140W 16-Inch, WIN11HOME RL125H04+ZETTAÇANTA",
"Expertbook P1 P1403CVA-I58512G0D I5-13420H 40GB Ddr5 256GB SSD W11PRO 14"" Fhd WXI58512G0DW21",
Latitude 5550 Ultra 7 155U 16GB DDR5 1TB SSD 15.6'' FHD W11P Dizüstü Bilgisayar & PER4 ÇANTA,
"Cyborg 15 Intel Core 7 240H 40GB 1TB SSD RTX5060/8GB 15.6"" FHD W11P Gaming Laptop B2RWFKG",
"IdeaPad Slim 5 Ryzen AI 7 350 48GB DDR5 4TB SSD 16"" WUXGA W11P Dizüstü Bilgisayar & Çanta",
"Katna15 I7 14650HX 64GB 512GBSSD W11HOME RTX5070 8gb 15.6"" 2k QHD 165HZ B14WGK068XTRH27+ZettaÇNT",
Katna17 Hx I7 14650HX 64GB 4tb SSD FDOS RTX5060 8gb 17 Inç 2k QHD B14WFK216XTRF30+Zetta Çanta,
"ThinkPad E16 Gen 2 Ultra 7 155H 32GB 2TB SSD 16"" WUXGA W11P Dizüstü Bilgisayar 21MA002UTX 020",
"Pro 16 Xcto Ultra Core 5 120U 96GB Ddr5 4tb SSD Graphics 16"" Fhd+ 300NIT Ubuntu XCTOPRO16UI5F24",
"Omen16 Ryzen AI 9-365 40GB 1TB SSD RTX5070/8GB 115W 16"" QHD+ 240Hz W11H Gaming Laptop &Çanta",
Predator PH18-73 Core Ultra9 275HX 128 GB 3TB RTX5080 18''WQXGA IPS 250Hz freedos NH.QVZEY.001,
Legion 7 16IRX9 I7 14700HX 24GB Ddr5 1tb SSD W11PRO RTX4070 8gb 16Inç 3.2k 83FD005KTRP08+Zetta Çanta,
"Omen 16 7 240H 32GB 1tb SSD 8GB/RTX5070 16"" IPS 165Hz FDOS Oyun Bilgisayarı BHPQ1Y7EAF10+Zettaçanta",
"Cyborg 15 Intel Core 7 240H 16GB 1TB SSD RTX5060/8GB 15.6"" FHD W11P Gaming Laptop B2RWFKG",
"Excalibur G870 i7-13620H 32GB 1TB RTX5070 8GB 165Hz 15.6"" W11P Gaming Laptop G870.1362-DF70R-C",
Victus 15 R5 8645HS 48GB RAM 2TB SSD RTX4060/8GB 144Hz 15.6'' FHD W11P Gaming Laptop & ÇANTA,
Extensa 15 EX215-55 i7-1255U 36GB RAM 1TB SSD 15.6'' FHD W11H Dizüstü Bilgisayar & PER4 ÇANTA,
"E16 G3 U7-255H 32GB 512 GB Intel Arc Graphics 16"" Win10 Home +S. Çantası 21SR006RTXHMF97",
"Rog Strix G16 Ultra 9 275HX 16GB 512GB SSD RTX5070/8GB 240Hz 16"" QHD+ W11H Gaming Laptop G615LP",
Alienware 16AC16250 7 240H 80GB 6tbSSD W11HOME 8gb RTX5060 16Inç 2K AC16250C71615U56NH48+Zetta Çanta,
Dell Alienware 16 Aurora Intel Core 7-240H 16GB DDR5 1TB SSD RTX5060 8GB Laptop AC16250-C71615U56N,
"17-CN5075CL B9700TT006 Ultra7 255U 48GB 1TBSSD 17.3"" HD+ Touch W11H Dizüstü Bilgisayar",
"Vector 16 Hx Ultra 7 255HX 32GB 2tb SSD 12GB/RTX5070TI/140W WIN11PRO 16"" Fhd+ 144Hz 091XTRP11",
"Cyborg 15 i7-13620H 32GB 4 TBSSD RTX4050 15.6"" FHD 144Hz Freedos + Sırt Ç. A13VE-897XTRHMF14",
"Nitro 18 Ryzen 9 365 48GB 8tbSSD 12GB/RTX5070TI 18"" Qhd 165Hz W11HOME NHQYFEY001F53+Zettaçanta",
"ThinkBook 16P G6 Ultra9 275HX 16GB 512GB SSD RTX5060/8GB 115W 16"" 3.2K 165Hz W11H Laptop",
"Victus 16-S1010NT 9Z790EA C23 8GB RTX4060 Ryzen 7 8845HS 48 GB 2 TB 16,1"" FHD 144Hz W11H + Çanta",
"Predator Helios Neo18 Ultra9 275HX 128GB 4TB SSD RTX5070Ti/12GB 18"" QHD+ FDOS Gaming Laptop",
"CYBORG 17 i7-13620H 40GB 1TB RTX5060 (8GB) 17.3"" FHD Freedos + S.Çantası B13WFKG-092XTRHMF4",
"Nitro 5 I7-12650H 64GB 256GB SSD 8GB/RTX4060 140W IPS 17.3"" 144Hz Full Hd WIN11PRO NHQLFEY004P21",
Predator PH18-73 Ultra 9 275HX 128GB 4tb FDOS 16GB RTX5080 18'' WQXGA NHQVZEY001F34 + Zetta Çanta,
Vostro 3530 i7 1355U 12GB RAM 2TB SSD 15.6'' FHD W11P Taşınabilir Bilgisayar & PER4 ÇANTA,
"IdeaPad Slim 5 Ryzen AI 7 350 24GB DDR5 4TB SSD 16"" WUXGA W11H Dizüstü Bilgisayar & Çanta",
"TUF Gaming F16 Core 5 210H 40GB 4TB SSD RTX4050/6GB 140W WUXGA 16"" W11P LP029 & PER4 ÇANTA",
Katana 17 HX i9-14900HX 40GB 2TB SSD RTX5070/8GB 17.3'' 2K QHD 240Hz W11H Gaming Laptop B14WGK,
"VOSTRO 3530 Intel Core i7-1355U 24 GB RAM DDR4 512 GB SSD 15.6"" 120 HRZ FULLHD W11PRO TAŞINABİLİR",
"Vector 18 HX AI Ultra 9 275HX 24GB 512GB SSD RTX5070Ti/12GB 140W 18"" QHD+ 240Hz W11P Gaming",
Vivobook X1504VA 15 1.nesil Core 5 120U-40GB-2TB SSD Fhd 15.6inc-Freedos ZNJ2861F14+ZETTAÇANTA,
"Aspire Go 15 I7-13620H 96GB 2tb SSD FDOS 15,6"" Fhd (1920 x 1080) IPS NXJ6SEY001F39+Zetta Çanta",
"Cyborg 15 A13VE7 i7-13620H 8GB 1TB SSD RTX4050/6GB 15.6"" FHD 144HZ W11H & PER4 ÇANTA",
ExpertBook P1 2.Nesil Core 5 210H-16Gb-512Gb Ssd-15.6inc-W11,
"TufF15 I7-13620H 16GB DDR5 512GB SSD Freedos 15.6"" Fhd 144Hz 8GB/RTX4060 FX507VV-LP24201+ZETTAÇNT",
Katana 17 HX i9-14900HX 96GB 512GB SSD RTX5060/8GB 17.3'' 2K QHD 240Hz W11P Gaming Laptop B14WFK,
"ThinkBook 14 G8 Intel Core 7 240H 96GB 256GB SSD 14"" WUXGA W11P Dizüstü Bilgisayar & Çanta",
"Crosshair 17 HX AI Ultra 9 275HX 16GB 256GB SSD RTX5070/8GB 115W 17"" 2K QHD+ 240Hz FDOS Gaming",
"Predator Helios Neo 16 AI Ultra 9 275HX 32GB 2TB SSD RTX5070Ti/12GB 170W 16"" QHD+ W11H",
"Thinkpad E16 G3 U5-225U 40GB 512GB Intel Graphics 16"" Win10 Pro +S.Çantası 21SSS2YQ60HMF80",
"V15 83A100HXTR009 i7-1355U 16GB 512SSD 15.6"" FHD W11P Dizüstü Bilgisayar",
"Rog Strix G16 R9-8940HX 48GB 2tb Ssd+2tb SSD 8GB/RTX5060 115W 16""/ 2.5k 3ms 240Hz, W11PRO WS5062W22",
"Omen16 Ryzen AI 9-365 48GB 512GB SSD RTX5070/8GB 115W 16"" QHD+ 240Hz FDOS Gaming Laptop &Çanta",
"Expertbook P1 P1403 I7-13620H 8gb Ddr5 256GB SSD WIN11HOME 14"" Fhd EXP1403CVAI58512S0H01 +ZETTACNT",
"Victus 15-FA2036NT i7-13620H 64GB 4 TBSSD RTX5050 15.6"" FHD Win 11 Home + S.Çantası C52QWEAHMF42",
Vivobook 15 Intel Core 5 120U 16GB 1TB SSD 15.6' Windows11 +ÇANTA,
Victus 15 Intel Core 7 240H 48GB 1TB SSD RTX5060/8GB 15.6'' 144Hz FHD W11P Gaming Laptop,
Victus 16 i7 13700H 48GB DDR5 256GB SSD RTX4070/8GB 144Hz 16.1'' FDOS Gaming Laptop & PER4 ÇANTA,
"EliteBook 660 G11 Ultra 7 155U 16-GBDDR5 512 GBSSD 16"" Win 10 Home + S. Çantası 9C004EAHMF29",
"Victus 16-S1010NT 9Z790EA C26 8GB RTX4060 Ryzen 7 8845HS 32 GB 2 TB 16,1"" FHD 144Hz W11P + Çanta",
"Alienware 16 Aurora Core5 210H 16GB 2TB SSD RTX4050/6GB 85W 16"" 2K QHD+ W11P Gaming Laptop",
"Cyborg 15 Intel Core 5 210H 64GB 256GB SSD RTX5060/8GB 15.6"" FHD FDOS Gaming Laptop B2RWFKG",
"Vector 16 Ultra 9 275HX 16GB 4tb + 4tb RTX5080 16GB Tdp 175W W11Home 16"" A2XWIG090XTRH05+ZETTAÇNT",
"Cyborg 15 İ7-13620H RTX5060 64GB RAM 4TB SSD 15.6"" FHD IPS 144Hz W11 Taşınabilir Bilgisayar",
"Thinkpad P16V Gen3 Ultra 7 255H 32GB 512GB SSD 8GB/RTXPRO2000 16"" IPS FDOS 21RS000BTXF09+Zettaçanta",
Alienware 16XAC16251 Ultra 9 275HX 48GB 512GBSSD 8GB/RTX5060 16INÇ FDOS AC162515060F17+ZETTAÇANTA,
"Probook 445 G11 Ryzen 5 7535U 8gb 1tb SSD 14"" Wuxga IPS W11PRO 9Y7C9ETP60 + Zettaçanta",
Inspiron 3520 i7 1255U 48GB RAM 1TB SSD 15.6'' FHD FDOS I35201013U & PER4 ÇANTA,
Victus 15 R7 8845HS 24GB DDR5 1TB SSD RTX4050/6GB 15.6'' 144Hz W11P Gaming Laptop & PER4 ÇANTA,
"Crosshair 17 HX AI Ultra 7 255HX 24GB 1TB SSD RTX5070/8GB 115W 17"" 2K QHD+ 240Hz FDOS Gaming",
"250 G10 Intel Core i7-1355U 16GB 512 GB SSD 15.6"" FHD W11PRO Metalik Gri 9G1E6ET-W16",
"Thinkpad P16S G4 Ultra 7 265H 16GB 512GB SSD 8GB/RTXPRO1000 16"" IPS W11PRO 21QV0010TXP01+Zettaçanta",
"TUF F16 Intel 5-210H 16GB 4TBSSD RTX4050 16"" 144Hz Win11 Home +Sırt Çantası FX607VU-RL146HMF58",
"Pro 14 Plus Ultra 7-265U Vpro 48GB 1tb SSD Grapichs 14"" Fhd+ 60Hz W11PRO BTO111PB14250P18+Zettaçanta",
"Victus 16-R1041NT i7-14700HX 64GB 4 TB RTX4060 16.1"" Full HD Win11 Home + S.Çantası 9J243EAHMF43",
"TUF F16 Intel 5-210H 32GB 4TBSSD RTX4050 16"" 144Hz Win10 Home +Sırt Çantası FX607VU-RL146HMF101",
NB E14 THINKPAD 21SX007HTX ULTRA7 255H 16GB 512SSD OB 14 WIN11PRO,
"Expertbook P1 P1403CVA-I58512G1DEP3 i5-13420H 32GB 512GB SSD 14"" FullHD Win11P + ElektroPasaj Çanta",
"EXPERTBOOK P1 INTEL CORE İ7 13620H 24GB 512GB SSD 14"" FHD W11PRO DİZÜSTÜ BİLGİSAYAR & OKATECH ÇANTA",
Pro 16 Ultra 5 235U 96GB Ddr5 256GB SSD FDOS 16 Inç IPS Fullhd+ PC16250BTO105F36 + Zetta Çanta,
"Latitude 3450 i7 1355U 16GB Ddr5 256GB SSD 14"" Fhd IPS WINDOWS11PRO WN012L54501426+ZETTAÇANTA",
"Probook 4 G1I Ultra 7 255U 96GB 1tbSSD 14"" (1920 x 1200), 300 Nits WIN11HOME C9FH1ETH28+ZETTAÇANTA",
"KATANA 15 HX i9-14900HX 48GB 1 TB RTX5060(8GB-115W) 15.6"" 2K QHD Win10 Pro B14WFK-450XTRHMF39",
"Nirvana S100 Intel Core Ultra 7-255H 16GB DDR5 2TB SSD W11H 16"" S100.255H-BX00A-G-F",
Vostro 3530 i7 1355U 36GB RAM 2TB SSD 15.6'' FHD W11P Taşınabilir Bilgisayar & PER4 ÇANTA,
"Cyborg 15 A13VE7 i7-13620H 32GB 256GB SSD RTX4050/6GB 15.6"" FHD 144HZ W11H & PER4 ÇANTA",
"CYBORG 15 i7-13620H 40-GBDDR5 2 TBSSD RTX5060 15.6"" Freedos + S.Çantası B13WFKG-495XTRHMF8",
"Alienware 16XAC16251 Ultra 9 275HX 32GB 1tbSSD+1tbSSD 8GB/RTX5060 16"" FDOS AC162515060F12+ZETTAÇANTA",
"Omen 16 7 240H 16GB 2tb SSD 8GB/RTX5070 16"" 165Hz W11PRO BHPQ1Y7EAP03+Zettaçanta",
"Vector 16 HX AI Ultra 9 275HX 40GB 4TB SSD RTX5070/8GB 115W 16"" QHD+ 240Hz W11H Gaming",
"Thinkbook 16 G7 Ryzen 5 7535HS 64GB Ddr5 4tb SSD 16"" Wuxga IPS FDOS 21MW000PTRF24 + Zettaçanta",
"Loq 15AHP10 Ryzen 7 250 48GB Ddr5 4tb SSD W11PRO RTX5050 8gb 15.6"" IPS 83JG006ATRP33 + Zetta Çanta",
Pro 16 Ultra 7 255U 40GB Ddr5 256GB SSD W11PRO 16 Inç IPS Fullhd+ PC16250BTO107P16 + Zetta Çanta,
"Vector 16 HX AI Ultra 9 275HX 8GB 2TB SSD RTX5070/8GB 115W 16"" QHD+ 240Hz FDOS Gaming",
"Nitro V 15 ANV15-52 I7 13620H 64GB 256GBSSD RTX5060 8gb 75W W11PRO 15.6"" NHQZ8EY002P31+ZettaÇNT",
Alienware 16XAC16251 Ultra 9 275HX 80GB 1tbSSD 8GB/RTX5060 16INÇ FDOS AC162515060F35+ZETTAÇANTA,
Victus 15 i7-13620H 40GB 1TB SSD RTX4060/8GB 144Hz 15.6'' FHD W11H Gaming Laptop & PER4 ÇANTA,
"Cyborg 15 Intel Core 7 240H 32GB 4TB+4TB SSD RTX5060/8GB 15.6"" FHD W11P Gaming Laptop B2RWFKG",
"NevoPro NP40.1362-EF00R-G-F i7-13620H 64 GB 1 TB SSD 14"" W11P Dizüstü Bilgisayar",
"250 G10 I5 1334U 8gb 4tb SSD Grafik W11HOME 15.6"" B2NC5ESH05 + Zetta Çanta",
"ideapad S145-15IIL Intel Core i3 1005G1 4GB 256GB SSD Windows 10 15,6"" HD Laptop 81W800J8TX",
Omen 17-DB1003NT AI R9 365 16GB Ddr5 2tb RTX5070 8gb 17.3 Inç 144Hz FDOS C67G1EAF03 + Zetta Çanta,
"V15 G4 IRU i5-13420H 16GB 1TB SSD W11Pro 15.6"" Notebook 83A100NSTX ATL52",
"Thinkpad E14 G6 Ultra 5 125U 32GB 1tb SSD Intel® Aı Boost 14"" Wuxga IPS WIN 11 Home 21M7002PTXH10",
"Nitro V16Ryzen 7 350 32GB 2tbSSD 8GB/RTX5070/85W 16"" 180Hz W11PRO NHQXNEY003P11+Zettaçanta",
"TUF GAMING F16 FX608JH-RV079 I5-13450HX 16GB DDR5 512GB 8GB RTX5050 115W 16"" 165Hz DOS",
"Cyborg 15 A13VF3 i7-13620H 40GB 256GB SSD RTX4060/8GB 15.6"" FHD 144HZ FDOS & PER4 ÇANTA",
"Victus 16-R0071NT 8V898EA C32 i7-13700H 32 GB 2 TB 8 GB RTX4070 16.1"" FHD DOS + Çanta",
Nitro V15 R7 7735HS 8GB 512GB SSD RTX4050/6GB 75W 15.6'' FHD 165Hz FDOS Gaming Laptop & ÇANTA,
"Thinkpad E14 G4 I7-1255u 40gb 512gb Ssd 2gb/mx550 14"" Ips Fhd Freedos 21e3s0s60f05 + Zetta Çanta",
"Crosshair A17 HX R7 8840HX 128GB 2TB SSD RTX5070/8GB 115W 17"" QHD+ 240Hz W11H Gaming D8WGKG",
"ExpertBook P1 Intel Core i7 13620H 40GB 4TB SSD 14"" FHD FDOS Dizüstü Bilgisayar & PER4 Çanta",
Vector 16 HX AI Ultra 9 275HX 16GB 512GB SSD RTX5080/16GB 175W 16'' WQXGA W11H Gaming Laptop,
"Alienware 16 Aurora AC16250-C71615U56N011 Core7 240H 64GB 1TBSSD+1TBSSD RTX5060 16"" WQXGA FreeD",
"ThinkBook 14 G8 Intel Core 7 240H 8GB 4TB+4TB SSD 14"" WUXGA FDOS Dizüstü Bilgisayar & Çanta",
"TUF F16 Intel 5-210H 8GB 1TBSSD RTX4050 16"" 144Hz Win11 Pro +Sırt Çantası FX607VU-RL146HMF22",
Latitude 3450 i7 1355U 40GB DDR5 256GB SSD 14'' IPS FDOS Taşınabilir Bilgisayar & PER4 ÇANTA,
"OMEN Ultra 9-285H 40GB 1 TBSSD RTX5060 (8GB) 16"" WUXGA Freedos + S. Çantası BQ3Z2EAHMF4",
Nitro V15 R7 7735HS 64GB 2TB SSD RTX4050/6GB 75W 15.6'' FHD 165Hz W11H Gaming Laptop & ÇANTA,
Pro 16 Plus Ultra 7 255U 48GB Ddr5 2tb SSD W11PRO 16 Inç IPS Fullhd+ PB16250BTO105P24 + Zetta Çanta,
"Predator Helıos 16 Ultra 9 275HX 96GB 1tb 12GB/RTX5070Tİ/170W 16"" WIN11HOME NHQX2EY002H28+ZettaÇNT",
"ExpertBook P1 Intel Core 7 240H 96GB 256GB SSD 15.6"" FHD W11H Dizüstü Bilgisayar & PER4 Çanta",
Predator PH18-73 Ultra 9 275HX 80GB 2tb W11PRO 16GB RTX5080 18'' WQXGA NHQVZEY001P21 + Zetta Çanta,
ROG Strix G16 R9 9955HX 8GB 4TB SSD RTX5070Ti/12GB 140W 240HZ 16'' 2.5K W11P Gaming & PER4,
"Elitebook 660 G11 Ultra 5-125U 16 GB 2 TB 16"" Freedos + S.Çantası 9C075EAHMF6",
"B9403CVAR Core 7-150U 32GB 1 TB SSD 14"" WQXGA FingerPrint, MIL-STD 810H, Freedos PP2139-01",
ROG Strix G16 i7 14650HX 8GB 256GB SSD RTX5060/8GB 240Hz WQXGA 16'' W11H G615JMR Gaming Laptop,
"Expertbook İ5-1334U 32 GB 4 TBSSD Intel Xe Graphics 14"" Win 11 Home + S.Çantası B1403CVAHMF62",
"Omen16 Ryzen AI 7-350 32GB 2TB SSD RTX5060/8GB 16"" FHD+ 144Hz FDOS Gaming Laptop &Per4 Çanta",
"Expertbook B3 Flip B3402FVA I5-1335U 16GB 512GBSSD 14"" Fhd Dokunmatik WIN11PRO B3402I58512S0D32",
"Thinkbook 14 2-In-1 G5 Iau Ultra 7 255U 32GB 512GBSSD W11PRO Touch 14"" NP21SQ002TTXP16+Zetta Çanta",
"Tuf A15 Ryzen 7-7435HS 32GB 512 GBSSD RTX4050 144 Hz Freedos 15.6"" FHD FA507NUR-LP035HMF18",
"KATANA 17 HX i7-14650HX 32GB 2 TBSSD RTX5070 17.3"" 2K Win10 Pro + Sırt Ç. B14WGK-046XTRHMF52",
"Thinkbook 16 G7 Ryzen 5 7535HS 64GB Ddr5 4tb SSD 16"" Wuxga IPS W11HOME 21MW000PTRH24 + Zettaçanta",
"Omen 16 R9-8940HX 96GB 256GB SSD RTX5070/8GB 16"" QHD+ 240Hz W11P Gaming Laptop & Per4 Çanta",
"ExpertBook P1 Intel Core 7 240H 48GB 2TB SSD 15.6"" FHD FDOS Dizüstü Bilgisayar & PER4 Çanta",
"Nitro V16Ryzen 7 350 48GB 4tbSSD 8GB/RTX5070/85W 16"" 180Hz W11HOME NHQXNEY003H20+Zettaçanta",
"Predator Helios Neo 16 AI Ultra 9 275HX 16GB 4TB+4TB SSD RTX5070Ti/12GB 170W 16"" QHD+ FDOS",
Alienware 16XAC16251 Ultra 9 275HX 80GB 2tbSSD 8GB/RTX5060 16INÇ W11HOME AC162515060H37+ZETTAÇANTA,
"ExpertBook B5 Ultra 7 255H 24GB 1TB SSD 14"" FHD+ W11H Dizüstü Bilgisayar & PER4 Çanta",
Victus 15 Intel Core 7 240H 8GB 4+4TB SSD RTX5060/8GB 15.6'' 144Hz FHD W11P Gaming Laptop,
"Rog Strix G18 G815JMR I9 14900HX 32GB 512GB 8GB/RTX5060 115W 18"" 2.5k FDOS ZS9035F09+ZettaÇNT",
"Thinkbook 16 G6 I7 13700H 48GB Ddr5 2tb SSD FDOS 16"" Wuxga IPS T21KH00WATRF39 + Zetta Çanta",
"Precision M7780 XCTOP7780EMEA_VP1A5 i7-13850HX 32GB 1TBSSD+1TBSSD RTX3500 17.3"" FullHD W11P Taş",
CYBORG 15 B2RWFKG-207XTREP4 CORE 5 210H 16GB 1TB SSD RTX5060 15.6'' Win11 Pro + ElektroPasaj Çanta,
"Elitebook 6 G1I Intel® Core Ultra 5 225U 24GB 256GB SSD 16"" 300NIT WIN11PRO AD4G3ETP01+ZETTAÇANTA",
"Cyborg 15 i5 13420H 128GB 512GB SSD RTX5060/8GB 15.6"" FHD 144Hz W11H Gaming Laptop B13WFKG",
"Cyborg 15 Intel Core 5 210H 80GB 512GB SSD RTX5060/8GB 15.6"" FHD W11H Gaming Laptop B2RWFKG",
"Loq 15AHP10 Ryzen 7 250 16GB Ddr5 4tb SSD W11HOME RTX5060 8gb 15.6"" IPS 83JG006ETRH05 + Zetta Çanta",
"ThinkPad E16 AMD Ryzen 5 220 64GB 256GB SSD 16"" FHD+ W11H Dizüstü Bilgisayar & PER4 ÇANTA",
Omen W16-AM0017NT 7 240H 40GB 2tb SSD W11HOME RTX5060 8gb 16 Inc IPS 165HZ WBQ1Z0EAH25+Zetta Çanta,
"Tuf F16 I7-14650HX 32GB 4TBSSD RTX5070 16"" WQXGA 165Hz 11 Home + S.Çantası FX608JPR-QT070HMF36",
"Victus 15 15-FA2704NT B7TG9EA FR61 i5-13420H 16 GB 1 TB SSD RTX3050 15.6"" W11H + Çanta",
"Probook 440 G10 I7 1355U 32GB 2tb SSD Intel® Iris® X? FDOS 14"" Fhd 8A567EAF08 + Weblegelsin Çanta",
ThinkPad E14 G6 Ultra 5 125U 32GB 2TB SSD 14'' WUXGA FDOS 21M7002PTX & PER4 ÇANTA,
"TUF Gaming A15 R5 7535HS 16GB 2TB SSD RTX3050/4GB 144Hz 15.6"" FHD FDOS HN049 & PER4 ÇANTA",
NB VOSTRO N1601PVNB3530_U I7-1355U 8GB 512SSD 15.6 UBUNTU,
Nitro V15 i5-13420H 64GB 2TB SSD RTX4050/6GB 15.6'' FHD 144Hz W11H & PER4 ÇANTA,
"KATANA 17 HX i7-14650HX 40GB 1 TBSSD RTX5060 17.3"" Win11Home + S.Çantası B14WFK-257XTRHMF35",
Thinkpad E16 Gen 3 Ultra 7 255H 48GB Ddr5 1tb SSD FDOS 16 Inç Wuxga IPS 21SR006RTXF23 + Zetta Çanta,
"Vivobook S16 i7 13620H 40GB DDR5 2TB SSD 16"" 144Hz WUXGA W11H S3607VA Dizüstü Bilgisayar",
"Predator Helios Neo18 Ultra9 275HX 8GB 256GB SSD RTX5070Ti/12GB 18"" QHD+ W11H Gaming Laptop",
"Vivobook S14 M5406kaPp060w Ryzen AI 7 350 24gb RAM 512gb SSD AMD Radeon 14"" W11 Gri Notebook",
"Tuf A16 R9-8940HX 24GB 512GB SSD 8GB/RTX5070 115W 165Hz 16"" 2.5k 400NITS IPS WIN11PRO WQT060P02",
"Predator Neo 18 Ultra 9 275HX 96GB 2tbSSD 12GB/RTX5070Tİ 18"" WIN11PRO NHQVMEY002P29+ZETTAÇNT",
"CYBORG 15 B13WFKG-679XTR Intel Core i7-13620H 32GB 1TB SSD RTX5060 Freedos 15.6"" FHD 144Hz Lapto",
"Loq I7 13700HX 64GB 512GB SSD 8GB/RTX5050/100W 15.6"" Fhd IPS 144Hz FDOS 15IRX1050F21 + Zettaçanta",
"ThinkBook 14 G8 Intel Core 7 240H 64GB 512GB SSD 14"" WUXGA FDOS Dizüstü Bilgisayar & Çanta",
Thinkpad E16 Gen3 Ultra 7 255H 64GB Ddr5 1tb SSD W11HOME 16 Inç IPS 21SR006RTXH28 + Zetta Çanta,
Nitro V15 R7 7735HS 48GB 256GB SSD RTX4050/6GB 75W 15.6'' FHD 165Hz W11P Gaming Laptop & ÇANTA,
"Omen Max Ultra 7-255HX 40GB 1TBSSD RTX5070 (8GB-GDDR7) 16"" 240Hz 2K Win10 Home B92QXEAHMF85",
Victus 16 R5 7640HS 24GB RAM 256GB SSD RTX4060/8GB 144Hz 16.1'' FHD W11H Gaming Laptop & PER4,
"IdeaPad Slim 3 Ryzen 5 7520U 16GB 512GB SSD 15.6"" FHD FreeDOS 82XQ00SFTX",
"Nirvana S100 300NIT i7-13620H 16GB DDR5 480GB SSD 16"" Freedos Laptop S100.1362-BV00X-G-F",
"Expertbook P1 P1403CVA-I58512G0D I5-13420H 16GB Ddr5 512GB SSD W11HOME 14"" Fhd WXI58512G0DH07",
"Nirvana X650 i3-1315U 8GB DDR5 1TB SSD Freedos 15.6"" Laptop X650.1315-8F00X-G-F",
Vivobook 15 X1504VA i7 1355U 16GB RAM 512GB SSD 15.6'' FHD W11PRO NJ195 & PER4 ÇANTA,
"Cyborg 15 A13UC-2087XTR008 i5-13420H 16GB 512SSD RTX3050 15.6"" FHD W11P Dizüstü Bilgisayar",
"Expertbook P3 P3405CVA Core I7-13620H 96GB Ddr5 2tb SSD Freedos 14"" 300NITS Wuxga UHD WP3405CVAF034",
"Expertbook P1 P1403 I7-13620H 24GB Ddr5 2tb SSD WIN11HOME 14"" Fhd EXP1403CVAI58512S0H14 +ZETTACNT",
"Predator Helios Neo18 Ultra9 275HX 48GB 1TB SSD RTX5070Ti/12GB 18"" QHD+ W11P Gaming Laptop",
"ıdeapad 5 16IRU9 120U 16GB 512GB SSD 16"" Wuxga 300NITS Freedos+Pen 883DU0053TR02+ZETTAÇANTA",
"Inspiron 3530 I5-1334U 16GB 2tb SSD 15.6"" 120Hz Fhd Windows 11 Home I35303407WH03 Uyumlu",
"Elitebook 6 G1I Intel® Core Ultra 5 225U 48GB 2tb SSD 16"" IPS 300NIT WIN11PRO AD4G3ETP14+ZETTAÇANTA",
"Vector 18 HX AI Ultra 9 275HX 24GB 1TB SSD RTX5070Ti/12GB 140W 18"" QHD+ 240Hz W11P Gaming",
"ThinkBook 16 G8 Core 7 240H 24GB 4TB SSD 16"" FHD+ FDOS Taşınabilir Bilgisayar & PER4 Çanta",
Vostro 3520 i5 1235U 40GB RAM 2TB SSD 15.6'' FHD W11PRO N5315PVNB3520U & PER4 ÇANTA,
"Expertbook B5 B5605CCA-U716512B1D Ultra 7 255H Aı 80GB 1tbSSD 16"" WIN11PRO B5605CCAP23+ZETTAÇANTA",
Latitude 3540 i5 1235U 32GB 2tb SSD 15.6 IPS Fhd Windows 11 Pro DN049L354015WP10 + Zetta Çanta,
"Omen Slim 16 Ultra 9 285H 8GB 256GB SSD RTX5060/8GB 16"" FHD+ 165Hz W11P Gaming Laptop & Çanta",
"ThinkBook 14 G8 Intel Core 7 240H 32GB 4TB SSD 14"" WUXGA W11H Dizüstü Bilgisayar & Çanta",
"Tuf F16 I7-14650HX 32GB 4TBSSD RTX5070 16"" WQXGA 165Hz 10 Home + S.Çantası FX608JPR-QT070HMF66",
"ExperGBook P1 i5-13420H 40GB 512 GB 15.6"" Freedos +S. Çantası P1503CVA-I58512G1DHMF20",
"Loq 15AHP10 Ryzen 7 250 Aı 32GB 4tb SSD 8GB/RTX5060 15.6"" IPS WIN11PRO BILG.83JG008UTRP10+ZETTAÇANTA",
Thinkbook 16 G8 Ial Ultra 5 225U 64GB Ddr5 512GB SSD FDOS 16 Inç IPS 21SK007VTXF37 + Zetta Çanta,
"Predator Helios Neo 16 AI PHN16-73-9128A010 Ultra9 275HX 32GB 2TBSSD RTX5060 16"" WQXGA W11P Diz",
"Victus 15 15-FA2704NT B7TG9EA FR84 i5-13420H 48 GB 2 TB SSD RTX3050 15.6"" W11P + Çanta",
OMEN 17 R7 8845HS 16GB RAM 1TB SSD RTX4070/8GB 144Hz 17.3'' FHD W11H Gaming Laptop & PER4 ÇANTA,
"TUF F16 Intel 5-210H 32GB 1TBSSD RTX4050 16"" 144Hz Win10 Home +Sırt Çantası FX607VU-RL146HMF87",
"Expertbook Ultra 7 150U 16GB 512GB SSD Intel Iris x 14"" 4g Sim FDOS Dokunmatik B3402FVAF01+ZettaÇNT",
"Elitebook 660 G11 Ultra 7 155U 32GB Ddr5 4tb SSD 16"" Wuxga IPS W11HOME 9C004EAH12 + Zetta Çanta",
"Thinkbook 14 G7 Ryzen 5 7535HS 48GB 512GB SSD 14"" Wuxga IPS FDOS 21MV001ATRF17 + Zettaçanta",
"Excalibur G915 i7-13620H 12 GB 1TB RTX5060 165HZ 16"" W11H Gaming Laptop G915.1362-AF60A-C",
"Predator Helios Neo16 Ultra9 275HX 80GB 1TB SSD RTX5070Ti/12GB 16"" QHD+ W11H Gaming Laptop",
"ExpertBook P1 Intel Core 7 240H 48GB 4TB SSD 15.6"" FHD W11H Dizüstü Bilgisayar & PER4 Çanta",
"Victus Ryzen 7-7445HS 32GB 512GBSSD Rtx RTX4050/6GB 15.6"" (1920 x 1080) FDOS WBX9U9EAF12+ZETTAÇANTA",
VENTUREPRO 15 Intel Core 7-240H 64GB 256GB SSD RTX5050/8GB 15.6'' FHD 144Hz W11P Laptop A2RWEG,
Pro 16 Plus PB16250 Ultra 7 255U 64GB 512GB SSD 16 FHD+ Windows 11 Pro BTO105-PB16250,
Victus 15 i5 12500H 32GB 4TB SSD RTX4060/8GB 144Hz 15.6'' FHD W11H Gaming Laptop & PER4 ÇANTA,
"Victus 16-s0007nt Ryzen 7-7840HS 40GB 4TB RTX4070 16.1"" FHD Win11Home + S.Çantası 7Z581EAHMF55",
"Loq 15IRX10 I7 13650HX 24GB 512GB RTX5060 8gb 100W W11Home 15.6"" 144Hz 83JE00J5TRH07 + Zetta Çanta",
Latitude 3550 i7 1355U 48GB 256GB SSD MX570A/2GB 15.6'' W11P Dizüstü Bilgisayar & PER4 ÇANTA,
"Omen BQ1Y6EA Intel Core Ultra 7 255H 32GB 1TB SSD RTX5070-8GB Freedos 16"" WUXGA 165Hz Notebook",
"Vector 16 HX AI Ultra 9 275HX 96GB 256GB SSD RTX5070/8GB 115W 16"" QHD+ 240Hz W11H Gaming",
Alienware 16XAC16251 Ultra 9 275HX 80GB 1tbSSD 8GB/RTX5060 16INÇ W11PRO AC162515060P35+ZETTAÇANTA,
MODERN 15 B12MO-624XTRM3 Intel Core i5-1235U 8GB 512GB SSD Windows 11 Pro 15.6 FHD Notebook,
"CYBORG 15 i7-240H 40-GBDDR5 1 TBSSD RTX5060 15.6"" Win 11 Pro + S.Çantası B2RWFKG-208XTRHMF20",
"Thinkbook 14 G8 Ial Ultra 7 255H 64GB Ddr5 4tb SSD 14"" Wuxga IPS W11PRO 21SJ007BTXH24 + Zettaçanta",
"Nitro 5 ANV15-41-R7CH011 Ryzen7 7735HS 64GB 1TBSSD RTX4060 15.6"" FHD FreeDOS Dizüstü Bilgisayar",
Pro 16 Plus Ultra 7 255U 16GB Ddr5 2tb SSD W11PRO 16 Inç IPS Fullhd+ PB16250BTO105P04 + Zetta Çanta,
"Precision 3591 Ultra 7 155H 16GB 4TB SSD RTX A500/4GB 15.6"" FHD FDOS Workstation & Per4 Çanta",
Thinkbook 14 G8 I5 13420H 64GB Ddr5 512GB SSD W11PRO 14 Inç Wuxga IPS 21SG00L8TXP37 + Zetta Çanta,
"ExpertBook P3 PM3406CKA-R516512G0D010 Ryzen AL5 330 32GB 1TBSSD+2TBSSD 14"" WUXGA FreeDOS Dizüst",
"Thinkbook 16 G7 Iml Ultra 5 125U 64GB 2tb SSD 16"" Wuxga 300NITS IPS Freedos 21MS005KTRF29",
Katna17 Hx I7 14650HX 40GB 2tb SSD W11PRO RTX5060 8gb 17 Inç 2k QHD B14WFK216XTRP19+Zetta Çanta,
"Crosshaır A17 Hx Ryzen9 8940HX 96GB 512GB SSD 8GB/RTX5070 115W 17""2.5k 240Hz Freedos Z012XTRF41",
"Thinkbook 16 G6 Irl I5 13420H 16GB 2tb SSD 16"" Wuxga 300NITS IPS WIN11HOME 21KH00SXTRH03 +ZETTACNT",
VİCTUS 16 i7 14700HX 24GB 2TB SSD RTX4060/8GB 144HZ 16.1'' FHD W11PRO 9J205EA & PER4 ÇANTA,
"Expertbook B3 Flip B3402FVA-I58512S0DM6 I5-1335U 16GB 1tb SSD Freedos 14"" Dokunmatik Bilgisayar",
"Rog Strix G16 I5-13450HX 24GB 512GB SSD+512GB SSD 8GB/RTX5050 115W 16"" 3ms IPS W11PRO WRX053P02",
"Cyborg 17 i7 13620H 24GB 2TB SSD RTX5060/8GB 17.3"" FHD 144Hz W11H Gaming Laptop B13WFKG",
"Nitro 18 Ryzen 9 365 80GB 512GB+512GBSSD 12GB/RTX5070TI 18"" Qhd FDOS NHQYFEY001F39+ZettaÇNT",
Nitro V15 R5 7535HS 64GB 1TB SSD RTX2050/4GB 15.6'' 144Hz FHD W11H Gaming Laptop & PER4 ÇANTA,
"Alienware 16X Aurora Ultra 7 255HX 80GB 256GB SSD RTX5060/8GB 16"" QHD+ FDOS Gaming Laptop",
VENTUREPRO 15 Intel Core 7-240H 24GB 512GB SSD RTX5050/8GB 15.6'' FHD 144Hz W11P Laptop A2RWEG,
"Nitro ANV15-52 I9 13900H 48GB 2tb SSD 8GB/RTX5060/75W 15.6"" IPS 165Hz FDOS NHQZAEY004F19+ZettaÇNT",
"Victus 16-R1041NT 9J243EA07 i7-14700HX 64GB 1TBSSD RTX4060 16.1"" FHD FreeDOS Dizüstü Bilgisayar",
Vostro 3520 i5 1235U 8GB RAM 4TB SSD 15.6'' FHD W11HOME N5315PVNB3520U & PER4 ÇANTA,
"ThinkPad P14S G5 R7-8840HS 32GB 256GB SSD Radeon 780M 14"" WUXGA FDOS Laptop & Çanta",
"Omen 16 Core 7 240H 8GB 1TB SSD RTX5060/8GB 16"" FHD+ 165Hz W11H Gaming Laptop & Per4 Çanta",
"TUF Gaming A15 R7 7435HS 32GB 4TB SSD RTX4060/8GB 144Hz 15.6"" FHD W11H & PER4 ÇANTA",
"Nitro 5 ANV15-51 V15 I9-13900H 24GB 512GB SSD 8GB/RTX4060 W11HOME 15.6"" 165Hz Fhd NHQQEEY00521",
"Rog Strix G16 i5 13450HX 8GB 1TB SSD RTX5050/8GB 165Hz 16"" FHD+ W11H Gaming Laptop G615JH",
Nitro V15 i5-13420H 16GB 2TB SSD RTX4050/6GB 15.6'' FHD 144Hz W11H & PER4 ÇANTA,
"Cyborg 15 Intel Core 7 240H 8GB 512GB SSD RTX5060/8GB 15.6"" FHD W11H Gaming Laptop B2RWFKG",
"Cyborg 15 Intel Core 7 240H 32GB 512GB SSD RTX5060/8GB 15.6"" FHD FDOS Gaming Laptop B2RWFKG",
"Victus I5-13420H 24GB 2tb 8GB/RTX5050 15.6"" 144Hz FhdWindows 11 Home BQ1P9EAH04+ZettaÇNT",
Pro 16 Plus Ultra 7 255U 16GB Ddr5 1tb SSD W11PRO 16 Inç IPS Fullhd+ PB16250BTO105P03 + Zetta Çanta,
Latitude 3540 i5-1235U 12GB RAM 1TB SSD 15.6'' FHD FDOS Dizüstü Bilgisayar & PER4 ÇANTA,
Latitude 3540 i5-1235U 36GB RAM 2TB SSD 15.6'' FHD FDOS Dizüstü Bilgisayar & PER4 ÇANTA,
"Thinkpad P16S G4 Ultra 7 255H 40GB 2tb SSD 6GB/RTXPRO500 16"" IPS W11HOME 21QV000YTXH15 + Zettaçanta",
Predator PH18-73 Ultra 9 275HX 48GB 6tb FDOS 16GB RTX5080 18'' WQXGA NHQVZEY001F11 + Zetta Çanta,
Nitro V15 i9 13900H 16GB 1TB SSD RTX4060/8GB 15.6'' 165Hz FHD W11P Gaming Laptop & PER4 ÇANTA,
"Nitro I9-13900H 40GB 1 TBSSD RTX 4060 15.6"" FHD Windows 11 Pro + Sırt Ç. NH.QQEEY.007HMF20",
"Expertbook P3 P3405CVA I7-13620H 80GB 512GB SSD Freedos 14"" 300NITS Wuxga UHD WP3405CVAF027",
Nitro V15 R5 7535HS 40GB 2TB SSD RTX2050/4GB 15.6'' 144Hz FHD W11P Gaming Laptop & PER4 ÇANTA,
Katna17 Hx I7 14650HX 80GB 1tb SSD W11HOME RTX5060 8gb 17 Inç 2k QHD B14WFK216XTRH33+Zetta Çanta,
Katna17 Hx I7 14650HX 24GB 2tb SSD FDOS RTX5060 8gb 17 Inç 2k QHD B14WFK216XTRF09+Zetta Çanta,
"Cyborg 15 A13VF i5-13420H 64GB 2TB SSD RTX4060/8GB 15.6"" FHD 144HZ W11P & PER4 ÇANTA",
Thinkpad E16 Gen3 Ultra 7 265U 128GB Ddr5 1tb SSD W11HOME 16 Inç IPS 21SR0076TXH43 + Zetta Çanta,
"Pro 15 Essential I5 1334U 40GB Ddr5 1tb SSD FDOS 15.6"" FHD 120HZ Wva IPS PV152501334UF18+Zetta Çanta",
"MODERN 15 F1MG-632XTREP6 Intel Core 7 150U 32GB 1TB SSD Win11 Pro 15.6"" FHD + ElektroPasaj Çanta",
Thinkpad E16 Gen3 Ultra 5 225U 48GB Ddr5 2tb SSD W11HOME 16 Inç IPS 21SR006VTXH24 + Zetta Çanta,
"Katna15 I7 14650HX 40GB 256GBSSD W11PRO RTX5070 8gb 15.6"" 2k QHD 165HZ B14WGK068XTRP16+Zetta Çanta",
"Predator Helios Neo16 Ultra9 275HX 16GB 512GB SSD RTX5070Ti/12GB 16"" QHD+ W11H Gaming Laptop",
"Nitro V16Ryzen 7 350 16GB 1tbSSD 8GB/RTX5070/85W 16"" 180Hz W11HOME NHQXNEY003H02+Zettaçanta",
"ThinkBook 14 G8 IAL U7-255H 64GB 2 TB Arc Graphics 14"" Win11 Home +S. Çnt. 21SJ007BTXHMF48",
Victus 15 Intel Core 7 240H 8GB 4TB SSD RTX5060/8GB 15.6'' 144Hz FHD FDOS Gaming Laptop,
"TUF Gaming A15 R7 7435HS 48GB 1TB SSD RTX4060/8GB 144Hz 15.6"" FHD W11P & PER4 ÇANTA",
"Omen 16 Ryzen AI 7 350 64GB 512GB SSD RTX5070/8GB 16"" FHD+ 144Hz W11P Gaming Laptop & Çanta",
"Thinkbook 16P G6 Adr Ryzen 9 8940HX Aı 48GB 512GBSSD RTX5060/8GB 16"" WIN11PRO 21U00014TXP17+ZETTAÇNT",
"Crosshair A17 HX R7 8840HX 24GB 512GB SSD RTX5070/8GB 115W 17"" QHD+ 240Hz W11P Gaming D8WGKG",
"Alienware 16 Aurora Core5 210H 8GB 4TB SSD RTX4050/6GB 85W 16"" 2K QHD+ W11H Gaming Laptop",
"Omen 17-DB1003NT AI R9 365 24GB Ddr5 512GB RTX5070 8gb 17.3"" 144Hz W11Home C67G1EAH07 + Zetta Çanta",
"CYBORG 15 i7 13620H 16GB 2TB SSD RTX4060 WIN11 Home 15.6"" FHD 144Hz A13VF892XTRWH03 + Zetta Çanta",
Extensa 15 EX215-55 i7-1255U 24GB RAM 2TB SSD 15.6'' FHD W11P Dizüstü Bilgisayar & PER4 ÇANTA,
"Cyborg 15 i7-13620H 64 GB 1 TB RTX4050 15.6"" 144Hz Win10 Pro + S.Çantası A13VE-1479XTRHMF63",
Pro 16 Ultra 7 255U 32GB Ddr5 4tb SSD W11PRO 16 Inç IPS Fullhd+ PC16250BTO107P15 + Zetta Çanta,
"Victus 5 210H Aı 64GB 512GBSSD RTX5060/8GB 15.6""fhd (1920 x 1080) WIN11PRO C21SGEAP22+ZETTAÇANTA",
Pro 16 Plus Ultra 7 255U 24GB Ddr5 2tb SSD W11HOME 16 Inç IPS Fullhd+ PB16250BTO105H09 + Zetta Çanta,
Katana 17 HX i9-14900HX 24GB 1TB SSD RTX5070/8GB 17.3'' 2K QHD 240Hz W11P Gaming Laptop B14WGK,
"Loq I7 13650HX 24GB 4tb SSD 8GB/RTX5070 15.6"" Fhd IPS 144Hz W11HOME 83JE00D0TRH08 + Zettaçanta",
"Crosshair A17 HX R7 8840HX 24GB 4TB SSD RTX5070/8GB 115W 17"" QHD+ 240Hz W11H Gaming D8WGKG",
250 G10 B2PH6ESAS3 I5-1334U 8 GB 1 TBSSD 15.6 Fhd Freedos,
"Vivobook 16 Core 5 210H RTX5050 16GB RAM 1TB SSD 16"" Wuxga W11 144Hz Taşınabilir Bilgisayar",
"Nitro 5 i7-12650H 48GB 4 TBSSD RTX4060 17.3"" FHD Windows 10 Home + Sırt Ç. NH.QLFEY.004HMF74",
"Aspire Go 15 I7-13620H 64GB 1tb SSD W11HOME 15,6"" Fhd NXJ6SEY001H28+Zetta Çanta",
Inspiron 15 3530 Core I7-1355U 32GB 256GB SSD 15.6 Inç Full Hd Freedos Laptop ZI35301103F11,
"Elitebook 6 G1I Intel® Core Ultra 7 255U 24GB 4tbSSD 14"" (1920 x 1200), FDOS C9XW2ETF05+ZETTAÇANTA",
"Victus 15 15-FA2704NT B7TG9EA FR100 i5-13420H 40 GB 4 TB SSD RTX3050 15.6"" W11P + Çanta",
"Loq I7 13650HX 32GB 4tb SSD 8GB/RTX5070 15.6"" Fhd IPS 144Hz FDOS 83JE00D0TRF12 + Zettaçanta",
Victus 15 R7 8845HS 40GB DDR5 2TB SSD RTX4050/6GB 15.6'' 144Hz FDOS Gaming Laptop & PER4 ÇANTA,
"Excalibur G920 i9-1490HX 64GB 1TB RTX5090 300HZ 16"" W11H Gaming Laptop G920.1490-EF90A-E",
"B1503CVA Intel Ultra 5-120U 40GB 512 GB SSD 15,6"" FHD, AI Power, MIL-STD W11PRO C58G512B4D-52",
"Thinkpad T14 G6 Ultra 7 255U 48GB Ddr5 1tb SSD W11HOME 14"" Wuxga IPS 21QC00CKTXH23 + Zetta Çanta",
"Vostro 3530 Intel Core i5 1334U 12GB 512GB SSD 15.6"" FHD W11P & PER4 Çanta",
"Elitebook 640 G10 I7 1355U 64GB 256GB SSD 14"" Fhd WINDOWS11HOME ELİT8A571EA29+WEBLEGELSINÇANTA",
"Predator Helios Neo16 Ultra9 275HX 8GB 2TB SSD RTX5060/8GB 16"" QHD+ W11P Gaming Laptop",
"CYBORG 15 i7 13620H 32GB 1TB SSD RTX4060 WIN11 Pro 15.6"" FHD 144Hz A13VF892XTRWP06 + Zetta Çanta",
"ROG Strix G16 i9-14900HX 8GB 256GB SSD RTX4060/8GB 165HZ 16"" WUXGA FDOS N3117 & PER4 ÇANTA",
"Victus 15 15-FA2704NT B7TG9EA010 i5-13420H 16GB 512SSD RTX3050 15.6"" FHD W11P Dizüstü Bilgisayar",
"Alienware 16 Aurora 5 210H 32GB Ddr5 2tb RTX4050 6gb 85W W11Home 16"" WQXGA AC16250H14 + Zetta Çanta",
"ExpertBook B1503CVA-S75438A001 i7-13620H 8GB 1TBSSD 15.6"" FHD FreeDOS Dizüstü Bilgisayar",
"Thinkpad E16 G2 Ultra 7 155H 40GB 512GB SSD Intel® Aı Boost 16"" Wuxga IPS WIN 11 Home 21MA002UTXH13",
"ExpertBook B1 Intel Core 7 150U 96GB 4TB SSD 15.6"" FHD W11H Dizüstü Bilgisayar & PER4 Çanta",
"Omen Slim 16 Ultra 9 285H 32GB 2TB SSD RTX5060/8GB 16"" FHD+ 165Hz W11P Gaming Laptop & Çanta",
Latitude 3440 i5-1335U 32GB RAM 512GB SSD 14'' FHD W11PRO Dizüstü Bilgisayar & PER4 ÇANTA,
TUF GAMING A15 R7-7435HS 16GB RAM 512GB SSD 6GB RTX4050 15.6 144Hz Dos FA507NUR-LP034 Zi700,
"Thinkbook 16 G7 Iml Ultra 5 125U 64GB 512GB SSD 16"" Wuxga 300NITS IPS WIN11HOME 21MS005KTRH27",
"Nitro V 17 AI AMD Ryzen 7-260 16GB 1TB RTX5070 17.3"" QHD 165Hz Freedos Gaming Laptop NH.QZKEY.001",
Legion 7 16IRX9 I7 14700HX 32GB 6tb SSD W11HOME RTX4070 8gb 16Inç 3.2k 83FD005KTRH17+Zetta Çanta,
"Predator Helios Neo 16 AI Ultra 9 275HX 48GB 256GB SSD RTX5070Ti/12GB 170W 16"" QHD+ W11P",
"Predator Helios Neo16 Ultra9 275HX 40GB 4TB+4TB SSD RTX5060/8GB 16"" QHD+ W11P Gaming Laptop",
"V16 V3607VU-RP061W Core 5 210H 8GB 512SSD RTX4050 16"" FullHD+ W11H Dizüstü Bilgisayar",
"X1504VA INTEL I7-1355U 24 GB RAM 1TB SSD 15.6"" FHD Windows 11 + ÇANTA",
"TUF Gaming F16 FX607VU-RL142A002 Core5 210H 16GB 1TBSSD RTX4050 16"" WUXGA FreeDOS Dizüstü Bilgi",
"VOSTRO 3530 Intel® Core™ i5-1334U 8gb Ram 1tb SSD Windows 11 Home 15,6"" FHD",
"Omen Ryzen 9 365 16GB 2tb SSD 8GB/RTX5070 17.3"" Qhd W11PRO Taşınabilir CD5N0EAP03+Zettaçanta",
"Expertbook B1 B1403CVA I5-1334U 24GB DDR5 512GB SSD 14"" FHD LED 300nits W11P B1403CVAH05+ZETTACNT",
"ExpertBook B5 Ultra 7 255H 16GB 256GB SSD 14"" FHD+ FDOS Dizüstü Bilgisayar & PER4 Çanta",
Victus 15 R7 8845HS 96GB DDR5 1TB SSD RTX4050/6GB 15.6'' 144Hz W11P Gaming Laptop & PER4 ÇANTA,
"Cyborg 15 i7-13620H 24GB 1 TBSSD RTX4050 15.6"" FHD 144Hz Freedos + Sırt Ç. A13VE-897XTRHMF4",
"Zbook 8 G1I Ultra 7 265H 40GB Ddr5 1tb SSD 4GB/RTXA500 14"" 300NIT W11PRO B30HCESP14 + Zettaçanta",
"Omen 16 Ryzen AI 7 350 32GB 4TB+4TB SSD RTX5070/8GB 16"" FHD+ 144Hz W11H Gaming Laptop & Çanta",
Nitro V15 R5 7535HS 40GB 1TB SSD RTX3050/6GB 15.6'' 144Hz FHD FDOS Gaming Laptop & PER4 ÇANTA,
TUF Gaming F16 FX608JH Intel i5-13450HX 32GB RAM 2TB SSD 16 inç FHD 8GB RTX5050 115w W11 PRO,
Inspiron 15 3530 Core I7-1355U 32GB 1tb SSD 15.6 Inç Full Hd Freedos Laptop ZI35301103F13,
Inspiron 15 3530 Core I7-1355U 64GB 2tb SSD 15.6 Inç Full Hd Freedos Laptop ZI35301103F24,
"NevoPro 14"" 300NIT Core i7-13620H 32GB DDR5 1TB W11 Pro NP40.1362-DF00R-G-F",
Vivobook 15 X1504VA i7 1355U 12GB RAM 512GB SSD 15.6'' FHD W11PRO NJ412 & PER4 ÇANTA,
"Rog Strix G16 R9-8940HX 32GB 512GB SSD+512GB 8GB/RTX5050 115W 16"" 165Hz 300NİTS FDOS WARV057F10",
Omen 17-DB1022NT Ryzen 9 365 32GB 6tb SSD W11HOME RTX5060 8gb 17.3 Inç 7ms CD5N2EAH17+Zetta Çanta,
Inspiron 3520 i7 1255U 8GB RAM 2TB SSD 15.6'' FHD W11HOME I35201013U & PER4 ÇANTA,
Crosshair A17 Hx Ryzen 7 8840HX 16GB Ddr5 4tb SSD 8GB/RTX5070 16” W11HOME D8WGKGH04 + Zettaçanta,
Nitro V15 İ5-13420H 32gb 4tb Ssd Rtx4050/6gb 15.6'' Fhd 144hz Fdos Per4 Çanta,
"B1503CVA Intel Core i5-13420H 48 GB 2 TB SSD 15.6"" FHD AI W11HOME S75437-60",
"ThinkPad E16 Ultra 7-155H 16GB Ram 2TB SSD Windows 11 Pro 16"" IPS",
"NevoPro 14"" 300NIT Core i7-13620H 16GB DDR5 480GB Freedos NP40.1362-BV00X-G-F",
Victus 15 Intel Core 7 240H 8GB 1TB SSD RTX5060/8GB 15.6'' 144Hz FHD W11H Gaming Laptop,
Victus 15-FA2036NT C52QWEA FR37 i7-13620H 16 GB 4 TB RTX5050 8GB 15.6 FHD W11H,
"255 G8 Amd Ryzen 5 3500u 8gb 256gb Ssd Fd 15.6"" Fhd 27k40ea",
Nitro V15 i5-13420H 48GB 1TB SSD RTX4050/6GB 15.6'' FHD 144Hz W11P & PER4 ÇANTA,
"Omen Max Ultra 7-255HX 48GB 2TBSSD RTX5070 (8GB-GDDR7) 16"" 240Hz 2K Win11 Pro B92QXEAHMF29",
"Thinkpad P14S G5 Ryzen 7 Pro 8840HS 40GB Ddr5 512GB SSD 14"" IPS W11HOME 21MFS2MQ00H13 + Zettaçanta",
"Thinkpad E16 G2 Ultra 7 155H 80GB 512GB SSD Intel® Aı Boost 16"" Wuxga IPS WIN 11 Home 21MA002UTXH26",
"Victus 15 Ryzen AI 5-340 96GB 256GB SSD RTX5050/8GB 15.6"" FHD 144Hz W11H Gaming Laptop & Çanta",
"Alienware 16X Ultra 9-275HX 40GB 1TBSSD RTX5070 16"" Win11 Home + Sırt Ç. AC16251-CU932157WHMF4",
"Vostro 3530 i5-1334U 24GB 512GB SSD 15.6"" FHD Win11P N3409PVNB3530U ATL81 Notebook +Çanta Hediy",
"Vostro 3530 i7 1355U 8GB 2TB SSD 15.6"" FHD 120 Hz W11H Taşınabilir Bilgisayar & PER4 Çanta",
Omen 16-AM0033NT I9 14900HX 24GB 2tb SSD RTX5060 8gb FDOS 16Inç 144Hz IPS WC39J7EAF09+Zetta Çanta,
"Precision 3591 Ultra 7 155H 16GB 512GB SSD RTX A500/4GB 15.6"" FHD W11H Workstation & Per4 Çanta",
Pro 16 Plus Ultra 7 255U 24GB Ddr5 512GB SSD FDOS 16 Inç IPS Fullhd+ PB16250BTO105F07 + Zetta Çanta,
"Loq I7 13700HX 48GB 4tb SSD 8GB/RTX5050/100W 15.6"" Fhd IPS 144Hz W11HOME 15IRX1050H20 + Zettaçanta",
Victus 15 i5 12500H 48GB 1TB SSD RTX4060/8GB 144Hz 15.6'' FHD FDOS Gaming Laptop & PER4 ÇANTA,
"Predator Helios Neo 16 AI Ultra 9 275HX 24GB 4TB+4TB SSD RTX5070Ti/12GB 170W 16"" QHD+ W11P",
Latitude 5550 U5-125U 16GB 512GB Arc Graphics Win11 Pro +S.Çantası N007L555015EMEA-VP-UBUHMF36,
"KATANA 17 HX i7-14650HX 64GB 2 TBSSD RTX5060 17.3"" Freedos + S.Çantası B14WFK-257XTRHMF8",
Omen Slim Gaming 16-AN0015NT CD7J9EA Intel Core Ultra 9 285H 16GB Ram 2tb SSD RTX5070 Freedos K11,
"NevoPro 14"" 300NIT Intel Core Ultra 7-255H 24GB DDR5 480GB SSD Freedos Laptop NP40.255H-CV00X-G-F",
Inspiron 15 3530 i5 1334U 12GB 4TB SSD 15.6'' FHD 120Hz FDOS Dizüstü Laptop & PER4 ÇANTA,
"Nitro V 15 ANV15-52 I7 13620H 8gb 1tbSSD RTX5060 8gb 75W W11PRO 15.6"" NHQZ8EY002P03+Zetta Çanta",
"Loq 15AHP10 Ryzen 7 250 Aı 48GB 256GB SSD 8GB/RTX5060 15.6"" IPS FDOS BILG.83JG008UTRF11+ZETTAÇANTA",
"Nitro V16Ryzen 7 350 16GB 2tbSSD 8GB/RTX5070/85W 16"" 180Hz W11PRO NHQXNEY003P03+Zettaçanta",
Nitro V15 R7-7735HS 48GB 2TB SSD RTX4060/8GB 15.6'' 165Hz FHD W11H & PER4 ÇANTA,
"Thinkpad P16S G4 Ultra 7 255H 24GB 512GB SSD 6GB/RTXPRO500 16"" IPS FDOS 21QV000YTXF05 + Zettaçanta",
"Pro 16 Plus Ultra 7-265U 32GB 1TB UHD Graphics 16"" Win10Home + S.Çantası PB16250U7265U165UHMF18",
"Katana 15 HX i9-14900HX 24GB 4TB SSD RTX5060/8GB 15.6"" 2K QHD 165Hz FDOS Gaming Laptop B14WFK",
"B1503CVA Intel Core i7-13620H 24GB 512 GB SSD 15.6"" FHD W11HOME S75438-31",
"Elitebook 660 G11 Ultra 5-125U 16 GB 1 TB 16"" Win 11 Home + S.Çantası 9C075EAHMF41",
"Thinkbook 16 G6 Irl I7 13700H 64GB 1tb SSD 16"" Wuxga 300NITS IPS WIN11HOME 21KH00V1TRH22 +ZETTACNT",
MW0W3TU/A/MacBook Air/Apple M4 İşlemci (10 Çekirdek CPU-8 Çekirdek GPU)/16GB RAM/256GB SSD/13.,
"Cyborg 15 5 210H 32GB Ddr5 4tb SSD RTX5060 8gb W11PRO 15.6"" Fhd 144HZ B2RWFKG207XTRP15 + Zetta Çanta",
"TUF F16 FX608JMR-RV067EP6 i7-14650HX 32GB 512GB SSD RTX5060 16"" 165Hz Win11P + ElektroPasaj Çanta",
"EliteBook 660 G11 Ultra 7 155U 32-GBDDR5 2 TBSSD 16"" Freedos + S. Çantası 9C004EAHMF4",
"Alienware 16X Ultra 9 275HX 64GB 512GBSSD+512GBSSD 8GB/RTX5060 16"" FDOS AC162515060F26+ZETTAÇNT",
"Omen16 Ryzen AI 7-350 16GB 4TB SSD RTX5060/8GB 16"" FHD+ 144Hz W11H Gaming Laptop &Per4 Çanta",
"ThinkBook 16P G6 Ultra9 275HX 80GB 512GB SSD RTX5060/8GB 115W 16"" 3.2K 165Hz W11H Laptop",
"Cyborg 15 i5 13420H 96GB 1TB SSD RTX5060/8GB 15.6"" FHD 144Hz W11P Gaming Laptop B13WFKG",
"Elitebook 8 G1I Intel® Core Ultra 7 255U 80GB 1tb SSD 16"" IPS 300NIT WIN11HOME C9FG8ETH23+ZETTAÇANTA",
"Alienware 16 Aurora Core5 210H 8GB 512GB SSD RTX4050/6GB 85W 16"" 2K QHD+ W11H Gaming Laptop",
"640 G11 U5-125U 40-GBDDR5 4 TBSSD Intel Graphics 14"" Windows 11 Home +S. Çantası AD4D0ETHMF66",
"Katana 17 Hx I7-14650HX 32GB 2tb SSD 8GB/RTX5060 115W 17.3"" Qhd 240Hz IPS Freedos W215XTRF09",
Extensa 15 EX215-55 i7-1255U 20GB RAM 4TB SSD 15.6'' FHD W11H Dizüstü Bilgisayar & PER4 ÇANTA,
"Predator Helios Neo 16 AI Ultra 9 275HX 64GB 4TB SSD RTX5070Ti/12GB 170W 16"" QHD+ W11H",
"Loq Ryzen 7 250 48GB Ddr5 1tb SSD 8GB/RTX5050/100W 15.6"" IPS FDOS 15AHP1050F18 + Zettaçanta",
Thinkbook 14 2-In-1 G5 Iau Ultra 7 255U 16GB 4tbSSD FDOS Touch 14 Inç NP21SQ002TTXF05+Zetta Çanta,
Predator PH18-73 Ultra 9 275HX 64GB 1tb W11PRO 16GB RTX5080 18'' WQXGA NHQVZEY001P14 + Zetta Çanta,
"IdeaPad Slim 3 15IRH8 i5-13420H 8GB 512GB SSD 15.6"" FHD Freedos Notebook 83EM00C7TR0",
Pro 14 Plus Ultra 7 255U 48GB Ddr5 2tb SSD FDOS 14 Inç IPS Fullhd+ PB14250BTO110F24 + Zetta Çanta,
Omen AI R9 365 Ddr5 24GB 512GB 16INÇ RTX5070 8GB 240 Hz 3 Ms 500NİTS FDOS C52QZEAF01+ZettaÇNT,
"Nitro 16 AN16-42 R7 8845HS 96GB 512GB SSD 8GB/RTX4060 140W 16"" Wuxga 180Hz IPS FDOS NHQSKEY004F27",
V14 Gen4 Iru I5 13420h 24gb 4tb Ssd Freedos 14 Inç Fullhd 83a00064trf20 Zetta Çanta,
"VivoBook16 Core5 210H 24GB 256GB SSD RTX5060/8GB 16"" FHD+ 144Hz W11H Dizüstü Bilgisayar V3607VM",
"Crosshaır A17 Hx Ryzen9 8940HX 32GB 512GB SSD+512GB 8GB/RTX5070 115W 17""2.5k 240Hz FDOS Z012XTRF10",
"Vostro i7-1355U 64GB 2TB SSD 15.6"" FHD 120Hz W11P Taşınabilir Bilgisayar N1605PVNB3530U 017",
"Cyborg 15 i7-13620H 16 GB 512 GB RTX4050 15.6"" 144Hz Win11 Home + S.Çantası A13VE-1479XTRHMF56",
"TUF Gaming A15 R5 7535HS 96GB 256GB SSD RTX3050/4GB 144Hz 15.6"" FHD W11H HN047 & PER4 ÇANTA",
"ROG Strix G16 R9-8940HX 32 GB5 1 TBSSD RTX5060 16"" Win11 Pro + S.Çantası G614PM-S5062HMF17",
"Pro 14 5 120U 64GB Ddr5 2tb SSD 14"" Fhd+ IPS 300NITS Ubuntu PC14250C516520F23 + Zettaçanta",
"Omen 16 R9-8940HX 64GB 4TB SSD RTX5070/8GB 16"" QHD+ 240Hz W11P Gaming Laptop & Per4 Çanta",
"Omen 16 Ryzen AI 7 350 32GB 2TB SSD RTX5070/8GB 16"" FHD+ 144Hz W11H Gaming Laptop & Çanta",
Victus 15 Intel Core 7 240H 40GB 512GB SSD RTX5060/8GB 15.6'' 144Hz FHD FDOS Gaming Laptop,
"ThinkBook 16 21SK007UTX015 Ultra7 255H 64GB 2TBSSD+2TBSSD 16"" WUXGA FreeDOS Dizüstü Bilgisaya",
"ThinkBook 14 21SG008LTX001 Core7 240H 16GB 1TBSSD 14"" WUXGA FreeDOS Dizüstü Bilgisayar",
Vivobook 15 X1504VA i5 1335U 24GB RAM 2TB SSD 15.6'' FHD W11PRO NJ123 & PER4 ÇANTA,
"Predator Helios Neo16 Ultra9 275HX 16GB 1TB SSD RTX5060/8GB 16"" QHD+ W11P Gaming Laptop",
"Cyborg 15 Intel Core 5 210H 24GB 1TB SSD RTX5060/8GB 15.6"" FHD W11H Gaming Laptop B2RWFKG",
"V16 Core 7 240H 48GB 512GB SSD RTX5070/8GB 16"" FHD+ 144Hz W11P Gaming Laptop V3607VP & ÇANTA",
"Nitro I9-13900H 16GB 4 TBSSD RTX 4060 15.6"" FHD Windows 11 Pro + Sırt Ç. NH.QQEEY.007HMF26",
"Cyborg 15 i5 13420H 48GB 256GB SSD RTX5060/8GB 15.6"" FHD 144Hz W11P Gaming Laptop B13WFKG",
Victus 15 R7 8845HS 96GB DDR5 256GB SSD RTX4050/6GB 15.6'' 144Hz FDOS Gaming Laptop & PER4 ÇANTA,
"Alienware 16X Ultra 9 275HX 96GB 512GBSSD+512GBSSD 8GB/RTX5060 16"" W11PRO AC162515060P42+ZETTAÇNT",
"TUF Gaming A15 R5 7535HS 32GB 512GB SSD RTX3050/4GB 144Hz 15.6"" FHD W11H HN049 & PER4 ÇANTA",
"Cyborg 15 Intel Core 7 240H 48GB 4TB SSD RTX5060/8GB 15.6"" FHD FDOS Gaming Laptop B2RWFKG",
"Katana 15 i7 14650HX 80GB 256GB SSD RTX5060/8GB 115W 15.6"" QHD 165Hz W11P Gaming Laptop B14WFK",
"Loq I7-13700HX 96GB Ddr5 512GB SSD 8GB/RTX5060 15.6"" IPS FDOS 83JE00LFTRF27+ZETTAÇANTA",
"ThinkBook 14 G6 i7-13700H 32-GBDDR5 512 GBSSD 14"" WUXGA Freedos 21KG004NTRHMF18",
"Predator Helios Neo 18 Ultra 9 275HX 24GB 1tbSSD 12GB/RTX5070Tİ 18"" FDOS NHQVMEY002F03+ZETTAÇNT",
Victus 15 Intel Core 7 240H 40GB 512GB SSD RTX5060/8GB 15.6'' 144Hz FHD W11P Gaming Laptop,
"Thinkbook 16 G7 Iml Ultra 7 155H 40GB 1tb SSD 16"" Wuxga 300NITS IPS WIN11HOME 21MS008RTRH18",
Alienware 16XAC16251 Ultra 9 275HX 24GB 1tbSSD 8GB/RTX5060 16INÇ W11PRO AC162515060P03+ZETTAÇANTA,
"Pro 16 XCTOPRO16-U007 Core5-120U 64GB 2TBSSD 16"" WUXGA FreeDOS Dizüstü Bilgisayar",
"Alienware 16 Aurora Core5 210H 128GB 2TB SSD RTX4050/6GB 85W 16"" 2K QHD+ W11P Gaming Laptop",
"Excalibur G915 i7-13620H 32GB 1TB 8GB RTX5060 165Hz 16"" W11H Gaming Laptop G915.1362-DF60A-C",
"Thinkbook 16P G6 Adr Ryzen 9 8940HX 40GB 512GB SSD 8GB/RTX5060 16"" W11HOME 21U00013TXH13+Zettaçanta",
"Katana 15 i7 14650HX 16GB 256GB SSD RTX5060/8GB 115W 15.6"" QHD 165Hz W11H Gaming Laptop B14WFK",
"V16 Core 7 240H 24GB 2TB SSD RTX5070/8GB 16"" FHD+ 144Hz W11H Gaming Laptop V3607VP & ÇANTA",
"Omen 16-AM0037NT C39JBEA019 Ultra5 225H 64GB 2TBSSD RTX5060 16"" WUXGA W11P Dizüstü Bilgisayar",
"Tuf F16 I7-14650HX 24GB 256GB SSD 8GB/RTX5060 115W 165Hz 16""wuxga Fhd+ 300NITS IPS FDOS WRV077F01",
"Crosshair 17 HX AI Ultra 9 275HX 16GB 512GB SSD RTX5070/8GB 115W 17"" 2K QHD+ 240Hz FDOS Gaming",
Predator PH18-73 Ultra 9 275HX 128GB 8tb W11Home 16GB RTX5080 18'' WQXGA NHQVZEY001H36 + Zetta Çanta,
"Omen 16 R9-8940HX 80GB 256GB SSD RTX5070/8GB 16"" FHD+ 144Hz W11P Gaming Laptop & Per4 Çanta",
Victus 15 Intel Core 7 240H 80GB 512GB SSD RTX5060/8GB 15.6'' 144Hz FHD W11P Gaming Laptop,
ThinkBook 14 G6 i7 13700H 8GB DDR5 2TB SSD 14'' FHD+ W11P Dizüstü Bilgisayar & PER4 ÇANTA,
"Cyborg 15 i5-13420H 64GB 2 TBSSD RTX4050 (6GB-45W) 15.6"" FHD Freedos A13VE-1478XTRHMF10",
"Cyborg 15 A13VF i5-13420H 24GB 4TB SSD RTX4060/8GB 15.6"" FHD 144HZ W11H & PER4 ÇANTA",
"Pro 16 Xcto Ultra 5 120U 16GB 512GB SSD 16"" Fhd+ 300NIT WIN11HOME XCTOPRO16UI5H01+ZETTAÇANTA",
"Thinkbook 14 G8 7 240H 64GB Ddr5 4tb SSD 14"" Wuxga IPS 60Hz FDOS 21SG008LTXF24 + Zettaçanta",
"Nirvana X750 i5-13420H 24GB DDR5 480GB SSD 15.6"" Freedos Laptop X750.1342-CV00X-G-F",
Pro 16 Plus PB16250 Core 5 120U 64GB 512GB SSD 16 FHD+ Windows 11 Pro U5120U165WP,
"Predator Helios Neo18 Ultra9 275HX 8GB 4TB+4TB SSD RTX5070Ti/12GB 18"" QHD+ FDOS Gaming Laptop",
"Crosshair 17 HX AI Ultra 9 275HX 64GB 2TB SSD RTX5070/8GB 115W 17"" 2K QHD+ 240Hz FDOS Gaming",
"Predator Helios Neo18 Ultra9 275HX 8GB 2TB SSD RTX5070Ti/12GB 18"" QHD+ FDOS Gaming Laptop",
"Alienware 16 Core 7 240H 16GB 6tb SSD WIN11HOME 8gb RTX5060 16"" 2K Wqxga Wva AC16250C716156WH06",
"Omen 16 R9-8940HX 48GB 4TB+4TB SSD RTX5070/8GB 16"" FHD+ 144Hz FDOS Gaming Laptop & Per4 Çanta",
Thinkpad E14 G7 Ultra 5 225U 16GB Ddr5 4tb SSD W11HOME 14 Inç Wuxga IPS 21SX007DTXH05 + Zetta Çanta,
"Latitude 3550 i5 1335U 16GB Ddr5 256GB SSD 15.6"" Fhd IPS Freedos WN032L355015EMEA01+ZETTAÇANTA",
"Cyborg 15 Intel Core 5 210H 80GB 2TB SSD RTX5060/8GB 15.6"" FHD W11P Gaming Laptop B2RWFKG",
"ExpertBook P1 Intel Core 7 240H 48GB 4TB SSD 15.6"" FHD W11P Dizüstü Bilgisayar & PER4 Çanta",
"Excalibur G870 i7-13620H 32GB 2TB 6GB RTX4050 165Hz 15.6"" Freedos Gaming Laptop G870.1362-DXA0X-C",
"Omen 16 Ryzen AI 7 350 48GB 1TB SSD RTX5070/8GB 16"" FHD+ 144Hz W11H Gaming Laptop & Çanta",
Nitro V15 ANV15 13.nesil Core I7 13620H 32GB 4tbSSD 8GB/RTX5060 FDOS NHQZAEY001H15+ZETTAÇANTA,
"Excalibur G880 i7-13620H 16GB 480GB RTX5070 8GB 165Hz 15.6"" W11H Gaming Laptop G880.1362-BV70A-C",
"Latitude 3550 Intel Core I5 1335U 64GB Ddr5 2tb SSD 15.6"" Fhd IPS Freedos WN012L54501419+ZETTAÇANTA",
Latitude 3540 Intel Core I5 1235U 32GB 2tb SSD 15.6 IPS Fhd Ubuntu DN049L354015U10 + Zetta Çanta,
"Omen 16 Core 7 240H 40GB 512GB SSD RTX5060/8GB 16"" FHD+ 165Hz FDOS Gaming Laptop & Per4 Çanta",
"ThinkBook 16 G6 R7-7730U 48 GB 2 TBSSD 16"" WUXGA Windows 11 Home 21KK000WTRHMF60",
"Vostro 3520 Intel I5-1235u 32gb 256gb Ssd 15.6"" Fhd Ubuntu N1235vn3520emeau09 + Zetta Çanta",
"Victus 16-S1023NT Ryzen 7-8845HS 9Z795EA FR7 16 GB 1 TB SSD RTX4050 6GB 16.1"" FHD W11P Gaming",
"Precision 3591 Ultra 7 155H 32GB 256GB SSD RTX A500/4GB 15.6"" FHD FDOS Workstation & Per4 Çanta",
"Loq 15IRX10 I7 13700HX 96GB Ddr5 1tb SSD RTX5050 8gb W11PRO 15.6"" IPS W83JE00KKTRP44 + Zetta Çanta",
"Loq 15IRX9 I7 13650HX 16GB 4tb SSD RTX4050 300NITS 15.6"" 144Hz Fhd WIN11HOME 83DV0117TRH04+ZETTACNT",
"Vostro 3530 i7-1355U 24GB 512GB SSD 15.6"" 120 Hz FHD Ubuntu N1601PVNB3530U ATL27 Notebook +Çant",
"Omen Slim 16 Ultra 9 285H 80GB 256GB SSD RTX5060/8GB 16"" FHD+ 165Hz W11P Gaming Laptop & Çanta",
Katana 17 HX i9-14900HX 32GB 512GB SSD RTX5070/8GB 17.3'' 2K QHD 240Hz W11H Gaming Laptop B14WGK,
"V15 G4 IRU Intel Core i7-1355U 16GB 1TB SSD W11Pro 15,6"" FHD 83A1003NTX23",
"Probook 4 G1i Ultra 7-255U 40GB 2 TBSSD Intel Graphics 14"" Win 10 Home + S.Çantası C9FH1ETHMF108",
MC7C4TU/A/MacBook Air/Apple M4 İşlemci(10 Çekirdek CPU-10 Çekirdek GPU)/16GB RAM/512GB SSD/15.,
Loq 17IRX10 I5 13450HX 64GB 1tb SSD RTX5050 8gb W11PRO 17.3 Inç Fhd 165HZ W83JH0069TRP32+Zetta Çanta,
"TUF F16 i7-14650HX 48GB 1 TBSSD RTX5050 (8GB) 16"" Win11 Pro + Sırt Çantası FX608JHR-RV048HMF16",
"Thinkbook 14 G7 Ultra 7-155H 24GB 1 TBSSD 14"" WUXGA Win10 Pro + Sırt Ç. 21MR0050TRHMF76",
"Vostro 3530 I5-1334U 32GB 2tb SSD Fhd 15.6"" 120HZ W11HOME WN1611PVNB352034+ZETTAÇANTA",
"Aspire Go 15 I7-13620H 96GB 1tb SSD W11PRO 15,6"" Fhd NXJ6SEY001P38+Zetta Çanta",
V14 Gen4 Iru Core I7 13620H 16GB 4tb SSD Freedos 14 Inç Fullhd 83A000GDTRF15+ZETTAÇANTA,
"Loq I7 13700HX 16GB 4tb SSD 8GB/RTX5050/100W 15.6"" Fhd IPS 144Hz W11HOME 15IRX1050H04 + Zettaçanta",
"Predator Helios Neo 16 AI Ultra 9 275HX 96GB 256GB SSD RTX5070Ti/12GB 170W 16"" QHD+ FDOS",
"Ideapad 1 15ALC7 82R400QCTX Ryzen 5-5500U 16 GB 512 GB 15.6"" Windows 11 Pro",
"Katana 15 Hx I9 14900HX 40GB 4tb W11PRO RTX5060 8gb 115W 15.6"" 2k QHD B14WFK450XTRP26 + Zetta Çanta",
"Omen16 Ryzen AI 7-350 32GB 4TB SSD RTX5060/8GB 16"" FHD+ 144Hz FDOS Gaming Laptop &Per4 Çanta",
"Expertbook Ultra 7 150U 40GB 1tb SSD Intel Iris x 14"" 4g Sim W11PRO Dokunmatik B3402FVAH14+ZettaÇNT",
"Pro 15 Essential PV15250 i7-1355U 16GB 512GB 15.6"" FHD FreeDOS Dizüstü Bilgisayar",
Yeni Matepad 11.5 inç 6/128 GB Tablet Uzay Grisi,
"ThinkBook 14 G8 Ultra 7 255H 16GB 1TB SSD 14"" FHD+ FDOS Dizüstü Bilgisayar & PER4 Çanta",
"TUF Gaming F16 Core5 210H 24GB 2TB SSD RTX3050/6GB 16"" WUXGA 144Hz W11P Laptop FX607VJ",
"Tuf A15 Ryzen 7-7435HS 32GB 2 TBSSD RTX4050 144 Hz Win 11 Home 15.6"" FHD FA507NUR-LP035HMF48",
Victus 16 R5 7640HS 40GB RAM 512GB SSD RTX4060/8GB 144Hz 16.1'' FHD FDOS Gaming Laptop & PER4,
"Predator Helios Neo 16 AI Ultra 9 275HX 32GB 1TB SSD RTX5070Ti/12GB 170W 16"" QHD+ W11H",
Katana 17 HX i9-14900HX 24GB 512GB SSD RTX5060/8GB 17.3'' 2K QHD 240Hz W11P Gaming Laptop B14WFK,
"Victus 5 210H Aı 16GB 4tbSSD RTX5060/8GB 15.6""fhd (1920 x 1080) FDOS C21SGEAF05+ZETTAÇANTA",
TUF F16 FX607VJ-RL033EP10 Core 5-210H 64GB 1TB SSD RTX3050 16'' FullHD+ 144Hz + ElektroPasaj ÇNT,
"Probook 440 G10 I7 1355U 32GB 1tb SSD Iris® Xe W11Home 14"" IPS 968L9ETH18 + Zetta Çanta",
"Cyborg 15 i7-13620H 16 GB 1 TB RTX4050 15.6"" 144Hz Win10 Home + S.Çantası A13VE-1479XTRHMF81",
"Expertbook P1 P1403CVA-I58512G0D I5-13420H 40GB Ddr5 4tb SSD W11PRO 14"" Fhd WXI58512G0DW25",
Katana 17 HX i7-14650HX 40GB 4TB SSD RTX5070/8GB 17.3'' 2K QHD 240Hz FDOS Gaming Laptop B14WGK,
"Thinkbook 16P G6 Iax Ultra 9 275HX 32GB 2tb SSD FDOS RTX5060 8gb 16"" 3.2k 21R0001JTXF18+Zetta Çanta",
"Cyborg 15 i7 13620H 80GB 512GB SSD RTX5060/8GB 15.6"" FHD 144Hz FDOS Gaming Laptop B13WFKG",
"Thinkbook 16 G8 7 240H 32GB Ddr5 4tb SSD 16"" Wuxga IPS 60Hz W11PRO 21SH009GTXP12 + Zettaçanta",
"Pro 16 BTO107_PC16250A009 Ultra7 255U 64GB 1TBSSD 16"" FHD+ FreeDOS Dizüstü Bilgisayar",
"Cyborg 15 A13VE7 i7-13620H 64GB 4TB SSD RTX4050/6GB 15.6"" FHD 144HZ W11H & PER4 ÇANTA",
ThinkPad E14 Ultra7 155H 64GB DDR5 4TB SSD 14'' FHD+ FDOS Dizüstü Bilgisayar & PER4 ÇANTA,
"Tuf A15 R7-7445HS 48GB 2TB SSD RTX3050/4GB 144Hz FHD 15.6"" W11H Gaming Laptop & PER4 ÇANTA",
"CYBORG 17 i7-13620H 48 GB 1 TBSSD RTX5070 17.3"" Freedos + S. Çantası B13WGKG-251XTRHMF4",
"Nitro 16 AN16-42 R7 8845HS 48GB 512GB SSD 8GB/RTX4060 140W 16"" Wuxga 180Hz IPS FDOS NHQSKEY004F12",
"TUF F16 FX608JMR-RV067EP3 i7-14650HX 64GB 1TB SSD RTX5060 16"" 165Hz Win11P + ElektroPasaj Çanta",
"Victus 15 Ryzen AI 5-340 24GB 512GB SSD RTX5050/8GB 15.6"" FHD 144Hz FDOS Gaming Laptop & Çanta",
Vostro 3530 i7 1355U 40GB RAM 4TB SSD 15.6'' FHD FDOS Taşınabilir Bilgisayar & PER4 ÇANTA,
"Loq Essential 13450HX 16GB 1tb+1tb SSD 8GB/RTX5060/65W 15.6"" IPS W11PRO 83SC000TTRP03 + Zettaçanta",
"Thinkbook 16 G7 Ryzen 5 7535HS 40GB Ddr5 4tb SSD 16"" Wuxga IPS W11PRO 21MW000PTRH16 + Zettaçanta",
Katna17 Hx I7 14650HX 16GB 4tb SSD W11PRO RTX5060 8gb 17 Inç 2k QHD B14WFK216XTRP05+Zetta Çanta,
"Expertbook P3 P3405CVA I7-13620H 64GB 256GB SSD WIN11HOME 14"" 300NITS Wuxga UHD WP3405CVAH021",
Omen 16-AP0012NT Ryzen 9 365 16GB 512GB SSD RTX5070 8gb 16Inç W11PRO C12CGEAP01+Zetta Çanta,
"Predator Helıos 16 Ultra 9 275HX 64GB 2tb 12GB/RTX5070Tİ/170W 16"" WIN11HOME NHQX2EY002H19+ZettaÇNT",
Pro 14 PC14250 7 250U 32GB Ddr5 2tb SSD 14 Fhd+ IPS 300 Nits WIN11PRO PC14250C7325P09+ZETTAÇANTA,
"Predator Helios Neo18 Ultra9 275HX 8GB 512GB SSD RTX5070Ti/12GB 18"" QHD+ W11H Gaming Laptop",
"Loq 15IAX9 I5 12600HX 64GB Ddr5 4tb SSD 6GB/RTX3050 W11HOME 15.6"" 144Hz Fhd IPS 300NIT 883GS00PDTR36",
"Nitro 5 I7-12650H 40GB 1tb SSD 8GB/RTX4060 140W IPS 17.3"" 144Hz Full Hd WIN11PRO NHQLFEY004P13",
Aspire Go AG15-41 Ryzen 7 7735HS 24GB 1tb SSD FDOS 15.6'' Fullhd NXJ7FEY002F06 + Zetta Çanta,
Pro 16 Plus Ultra 7 255U 40GB Ddr5 256GB SSD W11PRO 16 Inç IPS Fullhd+PB16250BTO105P16+Zetta Çanta,
"OMEN SLIM Gaming Intel® Core™ Ultra 5-225H 16GB 1TB SSD RTX5050 115W DOS 16"" IPS 2K Laptop BQ2D2EA",
"Victus 15 Core5 210H 24GB 512GB SSD RTX5060/8GB 15.6"" FHD 144Hz FDOS Gaming Laptop & PER4 ÇANTA",
Vivobook 15 Intel Core 5 120U 8GB 512GB SSD Windows 11 Home 15.6'' FHD X1504VA-NJ3663W,
"Thinkbook 16 G7 Iml Ultra 5 125U 16GB 256GB SSD 16"" Wuxga 300NITS IPS Freedos 21MS005KTRF01",
"Cyborg 15 Intel Core 5 210H 16GB 512GB SSD RTX5060/8GB 15.6"" FHD W11H Gaming Laptop B2RWFKG",
"CROSSHAIR 16HX AI Ultra 9-275HX 48GB 1 TBSSD RTX5070 16"" Win11 Pro + Çanta D2XWGKG-047XTRHMF15",
"Predator Helios Neo16 Ultra9 275HX 32GB 2TB SSD RTX5060/8GB 16"" QHD+ W11P Gaming Laptop",
Pro 14 Ultra 5 235U 64GB Ddr5 1tb SSD FDOS 14 Inç IPS Fullhd+ PC14250BTO113F28 + Zetta Çanta,
"Pro 15 3 100U 48GB 2tb SSD Graphics 15.6"" Fhd 120hz W11HOME r PV15250RPLU004PH19 + Zettaçanta",
"Rog Strix G16 R9 8940HX 8GB 1TB SSD RTX5050/8GB 165Hz 16"" WUXGA FDOS Gaming Laptop G614PH",
Latitude 3550 i7-1355U 16GB 2TB SSD 15.6 FHD FreeDOS N010L355015-U-2,
"E16 G3 U7-255H 16GB 2 TBSSD Intel Arc Graphics 16"" Freedos +S. Çantası 21SR006RTXHMF6",
"Omen 17 Ryzen AI 7 350 48GB 512GB SSD RTX5060/8GB 17.3"" FHD 144Hz W11H Gaming Laptop & Çanta",
"Expertbook B3 Flip B3402FVA I5-1335U 40GB 2tb SSD 14"" Fhd Dokunmatik WIN11HOME B3402I58512S0D29",
"Pro 16 Plus Ultra 7 265U 24GB 4tb SSD 16"" Fhd+ 300NIT WIN11PRO U7265U165UH08+ZETTAÇANTA",
V14 Gen4 Iru I5 13420H 12GB 256GB SSD WIN11HOME 14 Inç Fullhd 83A00064TRH06 + Zetta Çanta,
"CYBORG 15 i7-240H 40-GBDDR5 1 TBSSD RTX5060 15.6"" Win 10 Home + S.Çantası B2RWFKG-208XTRHMF65",
Katna17 Hx I7 14650HX 40GB 4tb SSD FDOS RTX5060 8gb 17 Inç 2k QHD B14WFK216XTRF20+Zetta Çanta,
"ThinkBook 14 2in1 G4 IML Ultra 7-155U 16GB 512 GB 14"" Win10Home + S.Çantası 21MX002VTRHMF96",
"Nitro V16Ryzen 7 350 24GB 512GBSSD 8GB/RTX5070/85W 16"" 180Hz W11HOME NHQXNEY003H05+Zettaçanta",
Thinkpad E16 Gen3 Ultra 7 255H 80GB Ddr5 512GB SSD W11HOME 16 Inç IPS 21SR006RTXH32 + Zetta Çanta,
"ThinkPad P14S G5 R7-8840HS 64GB 2TB SSD Radeon 780M 14"" WUXGA W11P Laptop & Çanta",
ThinkPad T14 G5 Ultra7 155U 24GB 4TB SSD 14'' WUXGA FDOS 4G LTE Dizüstü Bilgisayar & Çanta,
"Ideapad Slim 5 83HR0049TR013 i5-13420H 16GB 1TBSSD 14"" WUXGA W11P Dizüstü Bilgisayar",
"Nitro 5 i7-12650H 16GB 2 TBSSD RTX4060 17.3"" FHD Freedos + Sırt Ç. NH.QLFEY.004HMF6",
Ideapad Slim 5 i5-13420H 8GB DDR5 2TB SSD UHD Graphics 14'' WUXGA OLED W11P Dizüstü Laptop,
"Expertbook P1 P1403CVA-I58512G0D I5-13420H 32GB Ddr5 4tb SSD Freedos 14"" Fhd WXI58512G0D20",
"Thinkbook 14 G8 Ial Ultra 7 255H 40GB Ddr5 2tb SSD 14"" Wuxga IPS W11HOME 21SJ007BTXH15 + Zettaçanta",
"Victus 16-S1010NT 9Z790EA FR38 8GB RTX4060 Ryzen 7 8845HS 32 GB 4 TB 16,1"" FHD 144Hz W11H",
Victus 15 Intel Core 7 240H 64GB 4+4TB SSD RTX5060/8GB 15.6'' 144Hz FHD W11P Gaming Laptop,
OMEN 17 R7 8845HS 48GB RAM 2TB SSD RTX4070/8GB 144Hz 17.3'' FHD W11H Gaming Laptop & PER4 ÇANTA,
"Victus 15 Core5 210H 16GB 512GB SSD RTX5060/8GB 15.6"" FHD 144Hz FDOS Gaming Laptop & PER4 ÇANTA",
"Thinkbook 14 G7 Iml Ultra 7 155H 80GB 2tb SSD 14"" Wuxga 300NITS IPS WIN11PRO 21MR0050TRP34",
Victus 15 R5 8645HS 24GB RAM 1TB SSD RTX4060/8GB 144Hz 15.6'' FHD W11H Gaming Laptop & ÇANTA,
"B1503CVA Intel Ultra 5-120U 48 GB 512 GB SSD 15,6"" FHD, AI Power, MIL-STD Freedos C58G512B4D-55",
Predator PH18-73 Ultra 9 275HX 80GB 1tb W11Home 16GB RTX5080 18'' WQXGA NHQVZEY001H20 + Zetta Çanta,
"Alienware 16 Aurora Core5 210H 96GB 2TB SSD RTX4050/6GB 85W 16"" 2K QHD+ W11P Gaming Laptop",
"Katana 17 İ9-14900HX 32GB 4tb SSD 8GB/RTX5070 115W 17.3"" Qhd 240Hz IPS Freedos W048XTRF10",
"Vostro 3530 i7-1355U 24GB 2TB SSD 15.6"" 120 Hz FHD Ubuntu N1601PVNB3530U ATL29 Notebook +Çanta",
OMEN Max 16 Ultra 7 255HX 96GB 256GB SSD RTX5070/8GB 16'' 240Hz WQXGA FDOS Gaming Laptop & ÇANTA,
"VECTOR 16 HX AI U7-255HX 48 -GBDDR5 4 TB RTX5070Ti 16"" Win10 Pro + S.Çantası A2XWHG-091XTRHMF59",
Vector 16 HX AI Ultra 9 275HX 96GB 1TB SSD RTX5080/16GB 175W 16'' WQXGA W11P Gaming Laptop,
"ProBook 440 G11 Ultra5 125U 48 GB 1 TB SSD 14"" Freedos A23MQEA-T63",
"Thinkpad P16S G4 Ultra 7 255H 40GB 1tb SSD 6GB/RTXPRO500 16"" IPS FDOS 21QV000YTXF14 + Zettaçanta",
"Thinkbook 14 G7 Ultra 7-155H 32GB 1 TBSSD 14"" WUXGA Freedos + Sırt Ç. 21MR0050TRHMF2",
"ROG Strix SCAR 18 G835LX-SA155 24GB RTX5090 Intel Ultra 9 275HX 64GB 4TB SSD 18"" WQXGA 240Hz",
"Nitro 5 I7-12650H 24GB 2tb SSD 8GB/RTX4060 140W IPS 17.3"" 144Hz Full Hd WIN11PRO NHQLFEY004P04",
Cyborg 17 B13WFKG-210XTR003 i7-13620H 48GB 1TBSSD RTX5060 17.3” FHD FreeDOS Dizüstü Bilgisayar,
"Nitro V15 7735HS 96GB 512GB SSD WIN11Home 15.6"" Fhd 165Hz 8GB RTX4060 NHQSFEY00329+ZETTAÇNT",
"Nitro 18 Ryzen 9 365 24GB 8tbSSD 12GB/RTX5070TI 18"" Qhd 165Hz W11PRO NHQYFEY001F50+Zettaçanta",
"Katana 15 i7 14650HX 80GB 2TB SSD RTX5060/8GB 115W 15.6"" QHD 165Hz FDOS Gaming Laptop B14WFK",
"ExpertBook B1 Intel Core 7 150U 32GB 2TB SSD 15.6"" Freedos Notebook B1503CVA-C78G512B4D 010",
Katana 17 HX i7-14650HX 96GB 512GB SSD RTX5060/8GB 17.3'' 2K QHD 240Hz W11H Gaming Laptop B14WFK,
Latitude 3540 i5-1235U 64GB RAM 1TB SSD 15.6'' FHD W11HOME Dizüstü Bilgisayar & PER4 ÇANTA,
"Predator Helios Neo18 Ultra9 275HX 16GB 4TB SSD RTX5070Ti/12GB 18"" QHD+ W11P Gaming Laptop",
"Omen 16 Core 7 240H 16GB 256GB SSD RTX5060/8GB 16"" FHD+ 165Hz W11P Gaming Laptop & Per4 Çanta",
"Cyborg 17 I7 13620H 32GB 512GB SSD RTX5060 8gb FDOS 17.3"" 144HZ IPS B13WFKG210XTRF12+Zetta Çanta",
Latitude 3550 i5 1335U 96GB 256GB SSD 15.6'' FHD W11H N015L355015 & PER4 ÇANTA,
"Elitebook 660 G11 Ultra 5-125U 64 GB 4 TB 16"" Win 11 Home + S.Çantası 9C075EAHMF53",
"Vostro 3530 Intel® Core™ İ5-1334U 64gb Ram 1tb Ssd Windows 11 Home 15,6"" Fhd",
"Victus 5 210H Aı 16GB 4tbSSD RTX5060/8GB 15.6""fhd (1920 x 1080) WIN11HOME C21SGEAH05+ZETTAÇANTA",
Thinkbook 14 2-In-1 G5 Iau Ultra 7 255U 64GB 1tbSSD FDOS Touch 14 Inç NP21SQ002TTXF38+Zetta Çanta,
"Nitro V 15 ANV15-52 I7 13620H 40GB 256GBSSD RTX5060 8gb 75W W11PRO 15.6"" NHQZ8EY002P21+ZettaÇNT",
"Predator Neo 18 Ultra 9 275HX 32GB 256GBSSD 12GB/RTX5070Tİ 18"" WIN11PRO NHQVMEY002P06+ZETTAÇNT",
"16"" PRO 16 PLUS PB16250U5120U165WP CORE 5 120U-96GB DDR5 RAM-512GB NVME-W11 PRO",
"ExpertBook P1 Intel Core 7 240H 8GB 256GB SSD 14"" FHD FDOS Dizüstü Bilgisayar & PER4 Çanta",
Nitro V16 i5-14450HX 40GB 1TB SSD RTX4050/6GB 85W 16'' WUXGA 165Hz FDOS Gaming Laptop & ÇANTA,
"Loq 15IRX10 I7 13650HX 24GB 512GB RTX5060 8gb 100W W11Home 15.6"" 144Hz 83JE00J5TRH07 + Zetta Çanta",
Nitro V15 i9 13900H 24GB 4TB SSD RTX4060/8GB 15.6'' 165Hz FHD W11P Gaming Laptop & PER4 ÇANTA,
Victus 15 R5 8645HS 48GB RAM 2TB SSD RTX3050/6GB 144Hz 15.6'' FHD W11P Gaming Laptop & ÇANTA,
"Probook 445 G11 Ryzen 5 7535U 48GB 4tb SSD 14"" Wuxga IPS FDOS 9Y7C9ETF20 + Zettaçanta",
"ROG Strix G16 i9-14900HX 24GB 4TB SSD RTX4060/8GB 165HZ 16"" WUXGA FDOS N3095 & PER4 ÇANTA",
"Inspiron 3530 I3530122024U08 i5-1334U 16GB 512SSD 15.6"" FHD W11P Dizüstü Bilgisayar-CNT009",
"Katna15 I7 14650HX 48GB 256GBSSD W11PRO RTX5070 8gb 15.6"" 2k QHD 165HZ B14WGK068XTRP21+Zetta Çanta",
"Loq 15ARP9 Ryzen 7 7435HS Ddr5 16GB 1tbSSD RTX4050-6GB 300NITS 15.6"" 144Hz Fhd FDOS 83JC00CRTRF02",
"Victus 15 Core5 210H 8GB 256GB SSD RTX5060/8GB 15.6"" FHD 144Hz W11P Gaming Laptop & PER4 ÇANTA",
"Victus 16-s0007nt Ryzen 7-7840HS 40GB 1TB RTX4070 16.1"" FHD Win11Home + S.Çantası 7Z581EAHMF45",
"15.6"" V15 83A100A5TR CORE i5 13420H 16GB- 512GB M2 NVME- O/B UHD W11 PRO",
"Crosshair 17 HX AI Ultra 7 255HX 16GB 1TB SSD RTX5070/8GB 115W 17"" 2K QHD+ 240Hz W11H Gaming",
"Loq 15ARP9 Ryzen 5 7235HS 48GB 512GB SSD W11HOME RTX4050 6gb 15.6"" IPS 83JC00H4TRH30+Zetta Çanta",
"CYBORG 15 i7 13620H 64GB 1TB SSD RTX4060 Freedos 15.6"" FHD 144Hz A13VF892XTRWF10 + Zetta Çanta",
"V16 V3607VM-RP097W/ Intel Core 5 210H/ 16 GB Ram/ 512 GB SSD/ RTX 5060/ 16""/ W11 Laptop",
"Alienware 16 Aurora Core5 210H 80GB 4TB SSD RTX4050/6GB 85W 16"" 2K QHD+ FDOS Gaming Laptop",
"Rog Strix G16 i5 13450HX 8GB 256GB SSD RTX5050/8GB 165Hz 16"" FHD+ W11H Gaming Laptop G615JH",
"Predator Helios Neo16 Ultra9 275HX 64GB 1TB SSD RTX5070Ti/12GB 16"" QHD+ FDOS Gaming Laptop",
"Promax 16 MC16250 Ultra 7 255H 32GB 1tb SSD 8GB/RTXPRO1000 16"" IPS FDOS APROMAX1604F10 + Zettaçanta",
"Victus 16-s0007nt Ryzen 7-7840HS 48GB 4TB RTX4070 16.1"" FHD Win11 Pro + S.Çantası 7Z581EAHMF34",
"Pro 16 Plus Ultra 5 120U 80GB 512GB SSD 16"" Fhd+ 300NIT WIN11PRO U5120U165UH21+ZETTAÇANTA",
ThinkBook 14 G6 i7 13700H 16GB DDR5 256GB SSD 14'' FHD+ W11P Dizüstü Bilgisayar & PER4 ÇANTA,
"Nitro V15 ANV15-52-91EQ I9 13900H 16GB 4tbSSD RTX5060 8gb FDOS 15,6"" NHQZAEYF10+Zetta Çanta",
"ProBook 460 G11 Ultra 7 155U 8GB DDR5 256GB SSD 16"" WUXGA W11P Dizüstü Bilgisayar & ÇANTA",
"Victus 15 Core5 210H 24GB 4TB+4TB SSD RTX5060/8GB 15.6"" FHD 144Hz FDOS Gaming Laptop & PER4 ÇANTA",
"Thinkbook 16 G7 Iml Ultra 7 155H 64GB 4tb SSD 16"" Wuxga 300NITS IPS WIN11HOME 21MS008RTRH30",
"Nitro 5 i7-12650H 16GB 4 TBSSD RTX4060 17.3"" FHD Windows 10 Home + Sırt Ç. NH.QLFEY.004HMF71",
"Nitro 5 I7-12650H 40GB 256GB SSD 8GB/RTX4060 140W IPS 17.3"" 144Hz Full Hd WIN11HOME NHQLFEY004H11",
"Ideapad Pro 5 Ultra 5 225H 32GB 1tb SSD 14"" 2.8k OLED 1100NITS W11HOME 83JK002BTRH10+Zettaçanta",
"Cyborg 15 A13VF3 i7-13620H 32GB 256GB SSD RTX4060/8GB 15.6"" FHD 144HZ FDOS & PER4 ÇANTA",
"Nitro 5 ANV15-51 V15 I9-13900H 24GB 4tb SSD 8GB/RTX4060 W11HOME 15.6"" 165Hz Fhd NHQQEEY00524",
"Thinkbook 14 G6 I5 1335U 80GB Ddr5 1tb SSD 14"" Wuxga IPS FDOS 21KG00Y5TRF22 + Zettaçanta",
"ThinkBook 14 G6 i7-13700H 16-GBDDR5 4 TBSSD 14"" WUXGA Windows 11 Home 21KG004NTRHMF62",
"ProBook 440 G11 Ultra5 125U 40GB 2 TB SSD 14"" W11HOME A23MQEA-T56",
"VECTOR 16 HX AI U7-255HX 40-GBDDR5 1 TB RTX5070Ti 16"" Win11 Pro + S.Çantası A2XWHG-091XTRHMF20",
"Inspiron 3530 I35301103U008 i7-1355U 16GB 2TBSSD 15.6"" FHD W11P Dizüstü Bilgisayar",
Nb E14 Thınkpad 21m70092tx Ultra 5 125u 16gb 512ssd O/b 14 Dos,
"VOSTRO 3530 Intel Core i7-1355U 24 GB RAM DDR4 2 TB SSD 15.6"" 120 HRZ FULLHD W11PRO TAŞINABİLİR Bİ",
"Cyborg 14 Intel Core I7 13620H 32GB 2tb SSD RTX4050-6GB Freedos 14"" Fhd+ 144Hz A13VE054XTRWF07",
Nitro V15 R5 7535HS 64GB 2TB SSD RTX2050/4GB 15.6'' 144Hz FHD FDOS Gaming Laptop & PER4 ÇANTA,
Vivobook 15 X1504VA i7 1355U 24GB RAM 2TB SSD 15.6'' FHD W11HOME NJ195 & PER4 ÇANTA,
Pulse A17 Aı+ C3XWGKG Ryzen 9 Aı Hx 370 64GB 4tbSSD 8GB/RTX5070 17” WIN11HOME W020TRH20+ZETTAÇANTA,
ThinkBook 14 G7 Ultra 7 155H 8GB DDR5 4TB SSD 14'' WUXGA FDOS Dizüstü Bilgisayar & ÇANTA,
"Loq 15IAX9 I5 12600HX 24GB Ddr5 2tb SSD 6GB/RTX3050 Freedos 15.6"" 144Hz Fhd IPS 300NIT 883GS00PDTR03",
ProBook 440 G11 İntel Core Ultra 5 125U 8GB 2TB SSD 14'' WUXGA FDOS SA22YQ & PER4 ÇANTA,
"Thinkbook 16 G7 Iml Ultra 5 125U 40GB 512GB SSD 16"" Wuxga 300NITS IPS Freedos 21MS005KTRF17",
